-- phpMyAdmin SQL Dump
-- version 5.2.0
-- https://www.phpmyadmin.net/
--
-- Host: localhost
-- Generation Time: Mar 16, 2023 at 06:42 AM
-- Server version: 10.4.27-MariaDB
-- PHP Version: 7.4.33

SET SQL_MODE = "NO_AUTO_VALUE_ON_ZERO";
START TRANSACTION;
SET time_zone = "+00:00";


/*!40101 SET @OLD_CHARACTER_SET_CLIENT=@@CHARACTER_SET_CLIENT */;
/*!40101 SET @OLD_CHARACTER_SET_RESULTS=@@CHARACTER_SET_RESULTS */;
/*!40101 SET @OLD_COLLATION_CONNECTION=@@COLLATION_CONNECTION */;
/*!40101 SET NAMES utf8mb4 */;

--
-- Database: `fkip`
--

-- --------------------------------------------------------

--
-- Table structure for table `anggota`
--

CREATE TABLE `anggota` (
  `id_anggota` int(11) NOT NULL,
  `nama` varchar(100) NOT NULL,
  `jabatan` varchar(100) NOT NULL,
  `prodi` varchar(30) NOT NULL,
  `email` varchar(250) NOT NULL
) ENGINE=InnoDB DEFAULT CHARSET=utf8mb4 COLLATE=utf8mb4_general_ci;

--
-- Dumping data for table `anggota`
--

INSERT INTO `anggota` (`id_anggota`, `nama`, `jabatan`, `prodi`, `email`) VALUES
(29, 'Trisna Sukmayadi, M.Pd', 'Kepala Laboratorium PPKn', 'DEKANAT', 'trisnasukmayadi@ppkn.uad.ac.id'),
(30, 'Syifa Siti Aulia, M.Pd', 'Sekretaris Program Studi Pendidikan Pancasila dan Kewarganegaraan', 'PPKN', 'syifasitiaulia@ppkn.uad.ac.id'),
(31, 'Dikdik Baehaqi Arif, M.Pd', 'Ketua Program Studi Pendidikan Pancasila dan Kewarganegaraan', 'PPKN', 'dikdikbaehaqi@ppkn.uad.ac.id'),
(32, 'Wachid Eko Purwanto, M.A.', 'Sekretaris Program Studi Pendidikan Bahasa dan Sastra Indonesia', 'PBSI', '-'),
(33, 'Roni Sulistiyono, S.Pd., M.Pd.', 'Ketua Program Studi Pendidikan Bahasa dan Sastra Indonesia', 'PBSI', '-'),
(34, 'Tri Sutanti, S.Pd., M.Pd.', 'Dosen', 'BK', 'tri.sutanti@bk.uad.ac.id'),
(35, 'Siti Muyana, S.Pd., M.Pd.', 'Sekertaris Program Studi Bimbingan dan Konseling', 'BK', 'siti.muyana@bk.uad.ac.id'),
(36, 'Irvan Budhi Handaka, S.Pd., M.Pd.', 'Ketua Program Studi Bimbingan dan Konseling', 'BK', 'irvan.handaka@bk.uad.ac.id'),
(41, 'Rahmi Munfangati, M.Pd.', 'Sekertaris Program Studi Pendidikan Bahasa Inggris', 'PBI', '-'),
(42, 'Dr. Puguh Wahyu Prasetyo, M.Sc.', 'Ketua Program Pendidikan Studi Matematika', 'PMAT', '000'),
(43, 'Dwi Astuti, M.Pd.', 'Sekertaris Program Studi Pendidikan Matematika', 'PMAT', '000'),
(44, 'Eko Nursulistyo, M.Pd.', 'Ketua Program Studi Pendidikan Fisika', 'PFIS', ''),
(45, 'Toni Kus Indratno, M.Pd.', 'Sekertaris Program Studi Pendidikan Fisika', 'PFIS', ''),
(46, 'Dr. Novi Febrianti, M.Si.', 'Ketua Program Studi Pendidikan Biologi', 'PBIO', ''),
(47, 'Yahya Hanafi, M.Sc.', 'Sekertaris Program Studi Pendidikan Biologi', 'PBIO', ''),
(48, 'Dr. Sri Tutur Martaningsih, M.Pd.', 'Dosen', 'PGSD', 'sri.martaningsih@pgsd.uad.ac.id'),
(49, 'Dr. Ika Maryani, M.Pd.', 'Sekretaris Program Studi PGSD', 'PGSD', 'ika.maryani@pgsd.uad.ac.id'),
(50, 'Dra, Alif Muarifah, Spsi.,M.Si.,Ph.D.', 'Dosen', 'PGPAUD', 'alif.muarifah@pgpaud.uad.ac.id'),
(51, 'Dwi Hastuti, M.pd', 'Sekertaris Program Studi PG Paud', 'PGPAUD', 'dwi.hastuti@pgpaud.uad.ac.id'),
(52, 'Dr. Budi Santosa', 'Ketua Program Studi PVTO', 'PVTO', ''),
(53, 'Arief Kurniawan, M.Pd.', 'Sekertaris Program Studi PVTO', 'PVTO', ''),
(55, 'Pramudita Budiastuti, M.Pd', 'Sekertaris Program Studi PVTE', 'PVTE', 'pramudita.budiastuti@pvte.uad.ac.id'),
(56, 'Dr. Sri Hartini, M.Pd.', 'Ketua Program Studi PPG', 'PPG', ''),
(57, 'Agus Supriyanto, S.Pd., M.Pd.', 'Sekertaris Program Studi PPG', 'PPG', ''),
(58, 'Prof. Dr. Suparman, M.Si., DEA.', 'Ketua Program Studi MPMAT', 'MPMAT', '0'),
(59, 'Anggit Prabowo, M.Pd.', 'Sekertaris Program Studi MPMAT', 'MPMAT', '0'),
(60, 'Dr. Suyatno, M.Pd.I', 'Ketua Program Studi MP', 'MP', 'suyatno@pgsd.uad.ac.id'),
(61, 'Dr. Enung Hasanah, M.Pd', 'Sekretaris Program Studi MP', 'MP', 'enung.hasanah@mp.uad.ac.id'),
(62, 'Drs. Akmal, M.Hum., M.Sc., Ph.D.', 'Ketua Program Studi MPBI', 'MPBI', 'akmal@mpbi.uad.ac.id'),
(63, 'Dr. Ikmi Nur Oktavianti, S.S., M.A.', 'Sekertaris Program Studi MPBI', 'MPBI', 'ikmi.oktavianti@pbi.uad.ac.id'),
(64, 'Dr. Moh Toifur, M.Si', 'Ketua Program Studi MPFIS', 'MPFIS', ''),
(65, 'Okimustava, M.Pd.Si', 'Sekretaris Program Studi MPFIS', 'MPFIS', ''),
(66, 'Dr. Tri Kuat', 'Ketua Program MPGV', 'MPGV', 'tri.kuat@mpgv.uad.ac.id'),
(67, 'Muhammad Sayuti, M.Pd., M.Ed., Ph.D.', 'Dosen Tetap  MPGV', 'MPGV', 'muhammad.sayuti@mpgv.uad.ac.id'),
(68, 'Dr. Ani Susanti, M.Pd.B.I.', 'Wakil Dekan Bidang SDM, Kehartabendaan dan Administrasi Umum', 'DEKANAT', '0'),
(69, 'Dr. Suyatno, M.Pd.I', 'Wakil Dekan Bidang AIK, Kemahasiswaan dan Akademik', 'DEKANAT', '0'),
(70, 'Muhammad Sayuti, M.Pd., M.Ed., Ph.D.', 'Dekan FKIP', 'DEKANAT', '0'),
(73, 'Yuwanto', 'Tendik', 'DEKANAT', '-'),
(74, 'Januar Adam Prasetiya', 'Tendik', 'DEKANAT', '-'),
(75, 'Al Qisan', 'Tendik', 'DEKANAT', '-'),
(76, 'Nurma Sari', 'Tendik', 'DEKANAT', '-'),
(77, 'Danni Hexa', 'Tendik', 'DEKANAT', '-'),
(78, 'Efa Anggraini', 'Tendik', 'DEKANAT', '-'),
(79, 'Retnaningsih', 'Tendik', 'DEKANAT', '-'),
(81, 'Sumaryati', 'Tendik', 'DEKANAT', ''),
(82, 'Suryo Seputro', 'Tendik', 'DEKANAT', ''),
(83, 'Agus Indarjo', 'Tendik', 'DEKANAT', ''),
(84, 'Nazufa Hunain Akmal', 'Tendik', 'DEKANAT', ''),
(85, 'Dwi Indarti', 'Tendik', 'DEKANAT', ''),
(86, 'Nanang Budi Santosa', 'Tendik', 'DEKANAT', ''),
(87, 'Bintarinawati', 'Tendik', 'DEKANAT', ''),
(88, 'Ari Wulandari', 'Tendik', 'DEKANAT', ''),
(89, 'Endah Noorjanah', 'Tendik', 'DEKANAT', ''),
(90, 'Yoga Dwi Prabowo', 'Laboran LTPS', 'DEKANAT', ''),
(91, 'Dr. Dian Hidayati, MM', 'PSMP', 'MP', 'dian.hidayati@mp.uad.ac.id'),
(92, 'Drs. Purwadi, M.Si., Ph.D.', 'Dosen', 'MBK', 'purwadi@psy.uad.ac.id'),
(93, 'Dr. Sukirman, M.Pd.', 'Dosen Prodi', 'MP', 'sukirman@mp.uad.ac.id'),
(94, 'Avanti Vera Risti Pramudyani,  M.Pd', 'Dosen', 'PGPAUD', 'avanti.pramudyani@pgpaud.uad.ac.id'),
(95, 'Prof. dr. Pujiati Suyata, M.Pd.', 'Dosen', 'PBSI', '0'),
(96, 'Fanani Arief Ghozali, M.Pd.', 'Dosen', 'PVTE', 'fanani.ghozali@pvte.uad.ac.id'),
(98, 'Purnawan, M.Pd.', 'Dosen', 'PVTO', '0'),
(99, 'Sucipto, Ph.D.', 'Dosen', 'PBI', '-'),
(100, 'Trisna Sukmayadi, M.Pd.', 'Dosen', 'PPKN', 'Trisnasukmayadi@ppkn.uad.ac.id'),
(101, 'Dr. Azwar Abbas, M.Hum.', 'Dosen', 'MPBI', 'azwar.abbas@pbi.uad.ac.id'),
(102, 'Dr. H Abdul Taram, M.Si.', 'Dosen Prodi', 'PMAT', '000'),
(104, 'Prof. Dr. Haryadi, M.Pd.', 'Dosen', 'PBSI', '0'),
(105, 'Dr. Bambang Sudarsono, M.Pd.', 'Dosen', 'PVTO', '0'),
(106, 'Prof. Dr. Rully Charitas Indra Prahmana, S.Si., M.Pd. ', 'Dosen', 'MPMAT', '0'),
(107, 'Dr Fenritesna Nuraini, M.Pd', 'Dosen', 'PGPAUD', 'febritesna.nuraini@pgpaud.uad.ac.id'),
(108, 'Dr. Andriyani, M.Si. ', 'Dosen ', 'MPMAT', '0'),
(109, 'Dr. Achadi Budi Santosa, M.Pd.', 'Dosen Prodi', 'MP', 'achadi.santosa@mp.uad.ac.id'),
(110, 'Arief Syamsuddin, M.Pd.', 'Dosen', 'PVTO', '0'),
(111, 'Mahmuda Ma\'arif, M.Pd.', 'Dosen', 'PPKN', 'mahmuda.maarif@ppkn.uad.ac.id'),
(112, 'Fajar Fitri, M.Pd.Si', 'Dosen', 'PFIS', '-'),
(113, 'Dr. Rina Ratih Sri Sudaryani, M.Hum.', 'Dosen', 'PBSI', '0'),
(114, 'Dra. Sumargiyani, M.Pd.', 'Dosen Prodi', 'PMAT', '000'),
(116, 'Nur Robiah Nofikusumawati Peni, S.Pd., M.Ed., Ph.D in Ed. ', 'Dosen ', 'MPMAT', '0'),
(117, 'Barry Nur Setyanto, M.Pd.', 'Kepala Program Studi', 'PVTE', 'barry.setyanto@pvte.uad.ac.id'),
(118, 'Nur Hidayah, M.Pd.', 'Dosen', 'PGSD', 'nur.hidayah@pgsd.uad.ac.id'),
(119, 'Dr. Muhammad Zuhaery, M.Pd.', 'Dosen Prodi', 'MP', 'muhammad.zuhaery@mp.uad.ac.id'),
(120, 'Dr. Purwati Zisca Diana, M.Pd.', 'Dosen', 'PBSI', '0'),
(122, 'Caraka Putra Bhakti, S.Pd., M.Pd.', 'Dosen', 'BK', 'caraka.pb@bk.uad.ac.id'),
(123, 'Kunti Robiatul Mahmudah, S.Pd., M.Sc., Ph.D. ', 'Dosen ', 'MPMAT', '0'),
(124, 'Dr. Sumaryati, M.Pd.', 'Dosen', 'PPKN', 'sumaryati@ppkn.uad.ac.id'),
(125, 'Adhy Kurnia Triatmaja, M.Pd.', 'Kepala Laboratorium', 'PVTE', 'adhy.triatmaja@pvte.uad.ac.id'),
(126, 'Dra. Sudarmini, M.Pd.', 'Dosen', 'PBSI', '0'),
(127, 'Rendra Ananta Prima Hardiyanta, M.Pd.', 'Dosen', 'PVTO', '0'),
(128, 'Dr Riana Mashar, M.Si, Psikolog', 'kaprodi pgpaud', 'PGPAUD', 'riana.mashar@pgpaud.uad.ac.id'),
(129, 'Dr. Triwahyuningsih, M.Hum.', 'Dosen', 'PPKN', 'triwahyuningsih@ppkn.uad.ac.id'),
(130, 'Drs. Uus Kusdinar, M.Pd.', 'Dosen Prodi', 'PMAT', '000'),
(131, 'Nabila Kusuma Wardhani, S.S. ', 'Staff MPMAT ', 'MPMAT', '0'),
(132, 'Moch. Yordan Rismarinandyo, S. M.T.', 'Dosen', 'PVTE', 'moch.yordan@pvte.uad.ac.id'),
(133, 'Mufied Fauziah, S.Pd., M.Pd.', 'Dosen', 'BK', 'mufied.fauziah@bk.uad.ac.id'),
(134, 'Risty Kurniasih', 'Staf Prodi', 'MP', 'risty.kurniasih@staff.uad.ac.id '),
(135, 'Prima Suci Rohmadheny, M.Pd', 'Dosen', 'PGPAUD', 'prima.rohmadhneny@staff.uad.ac.id'),
(136, 'Dr. Dian Artha Kusumaningtyas, M.Pd.Si', 'Dosen', 'PFIS', ''),
(137, 'Dr. Edhy Susatya, M.Pd', 'Dosen Tetap MPGV', 'MPGV', 'edhy.susatya@mp.uad.ac.id'),
(138, 'Wahid Ibnu A', 'Staf Prodi', 'MP', 'pasca@mp.uad.ac.id'),
(139, 'Dr. Fitri Nur Mahmudah, M.Pd.', 'Dosen Prodi', 'MP', 'fitri.mahmudah@mp.uad.ac.id'),
(140, 'Nisrina Nurrahmah, S.Psi.', 'Temporary Staf Administrasi', 'PVTE', '0'),
(141, 'Dewi Eko Wati, M.Psi', 'Dosen', 'PGPAUD', 'dewi.ekowati@pgpaud.uad.ac.id'),
(142, 'Dra. Zultiyanti, M.A.', 'Deson', 'PBSI', '0'),
(143, 'Ega Asnatasia Maharani, M.Psi', 'Dosen', 'PGPAUD', 'Ega@pgpaud.uad.ac.id'),
(144, 'Ariati Dina Puspitasari, M.Pd', 'Dosen', 'PFIS', ''),
(145, 'Yosi Wulandari, M.Pd.', 'Dosen', 'PBSI', '0'),
(146, 'Dr. Budi Santosa, M.Pd', 'Dosen Tetap MPGV', 'MPGV', 'budi.santosa@mpgv.uad.ac.id '),
(147, 'Iyan Sofyan, M.A', 'Dosen', 'PGPAUD', 'iyan@pgpaud.uad.ac.id'),
(148, 'Fitri Merawati, M.A.', 'Dosen', 'PBSI', '0'),
(149, 'Iis Suwartini, M.Pd.', 'Dosen', 'PBSI', '0'),
(150, 'Intan Puspitasari, M.A', 'Dosen', 'PGPAUD', 'intan.puspitasari@pgpaud.uad.ac.id'),
(151, 'Dedi Wijayanti, M.Hum.', 'Dosen', 'PBSI', '0'),
(152, 'Dra. triwati Rahayu, M.Hum.', 'Dosen', 'PBSI', '0'),
(153, 'Dr. Fitri Nur Mahmudah, S.Pd.,M.Pd', 'Dosen Tetap MPGV', 'MPGV', 'fitri.mahmudah@mp.uad.ac.id '),
(154, 'Denik Wirawati, M.Pd.', 'Dosen', 'PBSI', '0'),
(155, 'Ari Wulandari, S.IP', 'Stasff prodi PGPAUD', 'PGPAUD', 'ari.wulandari@staff.uad.ac.id'),
(158, 'Hasrul Rahman, M.Pd.', 'Dosen', 'PBSI', '0'),
(159, 'Dr. Muhammad Ardi Kurniawan, M.A.', 'Dosen', 'PBSI', '0'),
(160, 'Kirana Prama Dewi, S.Sos., M.Pd.', 'Dosen', 'PGSD', 'kirana.dewi@pgsd.uad.ac.id'),
(161, 'Sudaryanto, M.Pd.', 'Dosen', 'PBSI', '0'),
(162, 'Ariesty Fujiastuti, M.Pd.', 'Dosen', 'PBSI', '0'),
(163, 'Subkhan Aziz', 'Staf Administrasi MPGV', 'MPGV', 'subkhan.aziz@staff.uad.ac.id'),
(165, 'Dholina Inang Pambudi, M.Pd.', 'Dosen', 'PGSD', 'dholina.pambudi@pgsd.uad.ac.id'),
(166, 'Dr. Trikinasih Handayani, M.Si.', 'Dosen', 'PBIO', ''),
(167, 'Dra. Hj Widayati, M.Sc.', 'Dosen Prodi', 'PMAT', '000'),
(168, 'Rizki Yuliato Pamungkas', 'Staf Administrasi MPGV', 'MPGV', 'rizkipamungkas29@gmail.com '),
(169, 'Prof Dr. Hardi Suyitno, M.Pd.', 'Dosen Prodi', 'PMAT', '000'),
(170, 'Dra. Zuchrotus Salamah, M.Si.', 'Dosen', 'PBIO', ''),
(171, 'Siti Salamah, M.Hum.', 'Dosen', 'PBSI', '0'),
(172, 'Prof. Sabirin Matsjeh, Ph.D', 'Dosen', 'PBIO', ''),
(173, 'Efa Anggraini', 'Staff', 'PBSI', 'efa.anggraini@staff.uad.ac.id'),
(174, 'Dr.Widodo, M.Si', 'Dosen', 'PFIS', ''),
(175, 'Bangun Tri', 'Laboran ', 'PGPAUD', '0'),
(176, 'Dr. Trianik Widyaningrum, M.Si.', 'Dosen', 'PBIO', ''),
(177, 'Dr. Surono, M.Hum.', 'Dosen', 'MPBI', 'surono@pbi.uad.ac.id'),
(178, 'Syariful Fahmi, M.Pd.', 'Dosen Prodi', 'PMAT', '000'),
(179, 'Prof. Suyata, M.Sc., Ph.D.', 'Dosen Prodi ', 'MP', 'suyata@mp.uad.ac.id'),
(180, 'Nani Aprilia, M.Pd.', 'Dosen', 'PBIO', ''),
(181, 'Khorik Alfat', 'Laboran', 'PGPAUD', '0'),
(182, 'Hani Irawati, M.Pd.', 'Dosen', 'PBIO', ''),
(183, 'Uswatun Khasanah, M.Sc.', 'Dosen Prodi', 'PMAT', '000'),
(184, 'Ir. Dr. Dwi Sulisworo, M.T', 'Dosen', 'PFIS', ''),
(185, 'Arief Abdillah Nurusman, M.Si.', 'Dosen', 'PBIO', ''),
(186, 'Dwi Santoso, M.Hum., Ph.D.', 'Dosen', 'MPBI', 'dwi.santoso@pbi.uad.ac.id'),
(187, 'Prof. Dr. Aliyah Rasyid Baswedan, M.Pd.', 'Dosen Prodi ', 'MP', 'aliyah.baswedan@mp.uad.ac.id'),
(188, 'Oki Mustava, M.Pd.Si', 'Dosen', 'PFIS', ''),
(189, 'Osa Agil Pratama, S.Pd.', 'Staff', 'PVTO', 'osa.pratama@staff.uad.ac.id'),
(190, 'Dr. R.Oktova', 'Dosen', 'PFIS', ''),
(191, 'Laila Fatmawati, M.Pd.', 'Dosen', 'PGSD', 'laila.fatmawati@pgsd.uad.ac.id'),
(192, 'Amaliyah Ulfah, M.Pd.', 'Dosen', 'PGSD', 'amaliyah.ulfah@pgsd.uad.ac.id'),
(193, 'Drs. Bambang Widi Pratolo, M.Hum., Ph.D.', 'Dosen', 'MPBI', 'bambang.pratolo@pbi.uad.ac.id'),
(194, 'Dr. Burhanudin AN., M.Sc.', 'Dosen Prodi', 'PMAT', '000'),
(195, 'Dr. Suyatno, M.Pd.I.', 'Dosen', 'PGSD', 'suyatno@pgsd.uad.ac.id'),
(196, 'Dr. Iin Inawati, M.Pd.', 'Dosen', 'MPBI', 'iin.inawati@mpbi.uad.ac.id'),
(197, 'Dr. Djoko Sutrisno, M.Pd.', 'Dosen', 'MPBI', 'djoko.sutrisno@mpbi.uad.ac.id'),
(198, 'Dhanang Febrianto', 'Administrasi', 'MPBI', 'dhanang.febrianto@staff.uad.ac.id'),
(199, 'Prof. Dr. Suharsimi Arikunto', 'Dosen', 'BK', 'suharsimi.arikunto@bk.uad.ac.id'),
(200, 'Prof. Dr. Siti Partini Suardiman, S.U.', 'Dosen', 'BK', 'siti.partini@bk.uad.ac.id'),
(201, 'Drs. Purwadi, M.Si., Ph.D.', 'Dosen', 'BK', 'purwadi@psy.uad.ac.id'),
(202, 'Drs. Mujidin, M.Si., Ph.D.', 'Dosen', 'BK', 'mujidin@psy.uad.ac.id'),
(203, 'Dr. Ahmad Muhammad Diponegoro', 'Dosen', 'BK', 'ahmad.diponegoro@psy.uad.ac.id'),
(204, 'Dr. Sri Hartini, M.Pd.', 'Dosen', 'BK', 'sri.hartini@bk.uad.ac.id'),
(205, 'Dra. Alif Muarifah, S.Psi., M.Si., Ph.D.', 'Dosen', 'BK', 'alif.muarifah@bk.uad.ac.id'),
(206, 'Dr. Sri Tutur Martaningsih, M.Pd.', 'Dosen', 'BK', 'sri.martaningsih@bk.uad.ac.id'),
(207, 'Dr. Dody Hartanto, S.Pd., M.Pd.', 'Dosen', 'BK', 'dody.hartanto@bk.uad.ac.id'),
(208, 'Dr. Hardi Santosa, S.Pd., M.Pd.', 'Dosen', 'BK', 'hardi.santosa@bk.uad.ac.id'),
(209, 'Dr. Akhmad Fajar Prasetya, M.Pd.', 'Dosen', 'BK', 'akh.prasetya@bk.uad.ac.id'),
(210, 'Dr. Wahyu Nanda Eka Saputra, M.Pd., Kons.', 'Dosen', 'BK', 'wahyu.saputra@bk.uad.ac.id'),
(211, 'Amien Wahyudi, M.Pd., Kons.', 'Dosen', 'BK', 'amien.wahyudi@bk.uad.ac.id'),
(212, 'Ulfa Danni Rosada, M.Pd., Kons.', 'Dosen', 'BK', 'ulfa.rosada@bk.uad.ac.id'),
(213, 'Agus Ria Kumara, S.Pd., M.Pd.', 'Dosen', 'BK', 'agus.kumara@bk.uad.ac.id'),
(214, 'Ariadi Nugraha, S.Pd., M.Pd.', 'Dosen', 'BK', 'ariadi.nugraha@bk.uad.ac.id'),
(215, 'Dr. Muya Barida, S.Pd., M.Pd.', 'Dosen | Pengendali Sistem Mutu Prodi (PSMP)', 'BK', 'muya.barida@bk.uad.ac.id'),
(216, 'Agus Supriyanto, S.Pd., M.Pd.', 'Dosen', 'BK', 'agus.supriyanto@bk.uad.ac.id'),
(217, 'Hardi Prasetiawan, S.Pd., M.Pd.', 'Dosen', 'BK', 'hardi.prasetiawan@bk.uad.ac.id'),
(218, 'Dian Ari Widyastuti, S.Pd., M.Pd.', 'Dosen | Kepala Laboratorium BK', 'BK', 'dian.widyastuti@bk.uad.ac.id'),
(219, 'Aprilia Setyowati, S.Pd., M.Pd.', 'Dosen', 'BK', 'aprilia.setyowati@bk.uad.ac.id'),
(220, 'Agungbudiprabowo, S.Pd., M.Pd.', 'Dosen', 'BK', 'agungbudiprabowo@bk.uad.ac.id'),
(221, 'Rohmatus Naini, S.Pd., M.Pd.', 'Dosen', 'BK', 'rohmatus.naini@bk.uad.ac.id'),
(222, 'Arif Budi Prasetya, S.Pd., M.Pd.', 'Dosen', 'BK', 'arif.prasetya@bk.uad.ac.id'),
(223, 'Bayu Waskitho, S.Pd.', 'Laboran', 'BK', 'bayu.waskitho@staff.uad.ac.id'),
(224, 'Amirul Ikhsan, S.Pd.', 'Laboran', 'BK', 'amirul.ikhsan@staff.uad.ac.id'),
(225, 'Sumaryati', 'Tenaga Kependidikan (BK)', 'BK', 'sumaryati@staff.uad.ac.id'),
(226, 'Hendro Kusumo Eko Prasetyo Moro, M.Sc.', 'Dosen', 'PBIO', 'hendro.kusumo@pbio.uad.ac.id'),
(227, 'Suryo Seputro', 'Staff Admin', 'PBIO', ''),
(228, 'Irfan Yunianto, M.Sc., Ph.D ', 'Dosen', 'PBIO', ''),
(229, 'Risanti Dhaniaputri, M.Sc. ', 'Dosen', 'PBIO', ''),
(230, 'Indro Prastowo, M.Biotech.', 'Dosen', 'PBIO', ''),
(231, 'Much. Fuad Saifuddin, M.Pd.', 'Dosen', 'PBIO', ''),
(232, 'Destri Ratna Ma’rifah, M.Pd.', 'Dosen', 'PBIO', ''),
(233, 'Etika Dyah Puspitasari, S.Si., M.Pd.', 'Dosen', 'PBIO', ''),
(234, 'Purwanti Pratiwi Purbosari, S.Pd., M.Si.', 'Dosen', 'PBIO', ''),
(235, 'Rino Hari Prasetyo, S.Pd.', 'Laboran Prodi Pendidikan Biologi', 'PBIO', ''),
(236, 'Muhammad Ragil Kurniawan, M.Pd.', 'Kaprodi PGSD', 'PGSD', 'ragil.kurniawan@pgsd.uad.ac.id'),
(237, 'Panji Hidayat, M.Pd.', 'Dosen', 'PGSD', 'panji.hidayat@pgsd.uad.ac.id'),
(238, 'Dr. Hendro Widodo, M.Pd.', 'Dosen', 'PGSD', 'hendro.widodo@pgsd.uad.ac.id'),
(239, 'Dr. Fitri Indriani, M.Pd.I.', 'Dosen', 'PGSD', 'fitri.indriani@pgsd.uad.ac.id'),
(240, 'Nurul Hidayati Rofiah, M.Pd.I., Ph.D.', 'Dosen', 'PGSD', 'nurulhidayati@pgsd.uad.ac.id'),
(241, 'Muhammad Fakhrur Saifudin, M.Pd.', 'Dosen', 'PGSD', 'fakhrur.saifudin@pgsd.uad.ac.id'),
(242, 'Aprida Agung Priambadha, S.Pd.Jas., M.Or.', 'Dosen', 'PGSD', 'aprida.priambadha@pgsd.uad.ac.id'),
(243, 'Sularso, M.Sn.', 'Dosen', 'PGSD', 'sularso@pgsd.uad.ac.id'),
(244, 'Hengkang Bara Saputro, M.Pd.', 'Dosen', 'PGSD', 'hengkang.saputro@pgsd.uad.ac.id'),
(245, 'Mukti Sintawati, S.Si., M.Pd.', 'Ka. Lab. PGSD', 'PGSD', 'mukti.sintawati@pgsd.uad.ac.id'),
(246, 'Vera Yuli Erviana, M.Pd.', 'Dosen', 'PGSD', 'vera.erviana@pgsd.uad.ac.id'),
(247, 'Asih Mardati, M.Pd.', 'Dosen', 'PGSD', 'asih.mardati@pgsd.uad.ac.id'),
(248, 'Satrianawati, M.Pd.', 'Dosen', 'PGSD', 'satrianawati@pgsd.uad.ac.id'),
(249, 'Hanum Hanifa Sukma, M.Pd.', 'Dosen', 'PGSD', 'hanum.sukma@pgsd.uad.ac.id'),
(250, 'Dr. Sugeng Riyanto, M.Pd.', 'Dosen', 'PGSD', 'sugeng.riyanto@pgsd.uad.ac.id'),
(251, 'Suyitno, M.Pd.', 'Dosen', 'PGSD', 'suyitno@pgsd.uad.ac.id'),
(252, 'Lovandri Dwanda Putra, M.Pd.', 'Dosen', 'PGSD', 'lovandri.putra@pgsd.uad.ac.id'),
(253, 'Fery Setyaningrum, M.Pd.', 'Dosen', 'PGSD', 'fery.setyaningrum@pgsd.uad.ac.id'),
(254, 'Heni Siswantari, S.Pd., M.A.', 'Dosen', 'PGSD', 'heni.siswantari@pgsd.uad.ac.id'),
(255, 'Meita Fitrianawati, M.Pd.', 'Dosen', 'PGSD', 'meita.fitrianawati@pgsd.uad.ac.id'),
(256, 'Probosiwi, M.Sn.', 'Dosen', 'PGSD', 'probosiwi@pgsd.uad.ac.id'),
(257, 'Siwi Purwanti, M.Pd.', 'Dosen', 'PGSD', 'siwi.purwanti@pgsd.uad.ac.id'),
(258, 'Dr. Feri Budi Setyawan, M.Pd.', 'Dosen', 'PGSD', 'feri.setyawan@pgsd.uad.ac.id'),
(259, 'Lisa Retnasari, M.Pd.', 'Dosen', 'PGSD', 'lisa.retnasari@pgsd.uad.ac.id'),
(260, 'Diyah Puspitarini, M.Pd.', 'Dosen', 'PGSD', 'diyah.puspitarini@pgsd.uad.ac.id'),
(261, 'Raden Wisnu Wijaya Dewojati, M.Pd.', 'Dosen', 'PGSD', 'raden.dewojati@pgsd.uad.ac.id'),
(262, 'Patria Handung Jaya, S.Pd., M.A.', 'Dosen', 'PGSD', 'patria.jaya@pgsd.uad.ac.id'),
(263, 'Fendy Yoga Pratama, M.Pd.', 'Dosen', 'PGSD', 'fendy.pratama@pgsd.uad.ac.id'),
(264, 'Ramadhani Uswatun Khasanah, M.Pd.', 'Dosen', 'PGSD', 'ramadhani.khasanah@pgsd.uad.ac.id'),
(265, 'Ragil Dian Purnama Putri, M.Pd.', 'Dosen', 'PGSD', 'ragil.putri@pgsd.uad.ac.id'),
(266, 'Hartono, M.Pd.', 'Laboran PGSD', 'PGSD', 'hartono@staff.uad.ac.id'),
(267, 'Nanang Budi Santoso', 'Staff Akademik ', 'PGSD', 'nanang.budi@staff.uad.ac.id'),
(268, 'Bintarinawanti', 'Staff Akademik', 'PGSD', 'bintarinawanti@staff.uad.ac.id'),
(269, 'Moh. Irma Sukarelawan, S.Pd. M.Pd', 'Dosen', 'PFIS', ''),
(270, 'Dr. Moh. Toifur, M.Si', 'Dosen', 'PFIS', ''),
(271, 'Dr.Ishafit, M.Si', 'Dosen', 'PFIS', ''),
(272, 'Nanang Suwondo, M.Pd.Si', 'Dosen', 'PFIS', ''),
(273, 'Yudhiakto Pramudya, P.hd', 'Dosen', 'PFIS', ''),
(274, 'Endah Noorjanah, S.Sos.I', 'Staff tendik', 'PFIS', ''),
(275, 'Yoga Dwi Prabowo, M.Pd', 'Staff Laboran P.Fisika', 'PFIS', ''),
(277, 'Purnawan, S.Pd., M.Pd', 'Sekretaris  Program Studi MPGV', 'MPGV', 'purnawan.purnawan@pvto.uad.ac.id '),
(278, 'Dr. Ir. M Bakrun Dahlan, M.M.', 'Dosen Tetap Kontrak MPGV', 'MPGV', '0'),
(280, 'Harina Fitriyani, M.Pd.', 'Dosen Prodi', 'PMAT', '000'),
(281, 'Nur Arina Hidayati, M.Sc.', 'Dosen Prodi ', 'PMAT', '000'),
(282, 'Siti Nur Rohmah, M.P.Mat.', 'Dosen Prodi ', 'PMAT', '000'),
(283, 'Fariz Setyawan, M.Pd.', 'Dosen Prodi ', 'PMAT', '000'),
(284, 'Aan Hendroanto, M.Sc.', 'Dosen Prodi ', 'PMAT', '000'),
(285, 'Afit Istiandaru, M.Pd.', 'Dosen Prodi ', 'PMAT', '000'),
(286, 'Vita Istihapsari, M.Pd.', 'Dosen Prodi ', 'PMAT', '000'),
(287, 'Rima Aksen C., M.Pd.', 'Dosen Prodi ', 'PMAT', '000'),
(288, 'Rusmining, M.Pd.', 'Dosen Prodi ', 'PMAT', '000'),
(289, 'Dian Ariesta Y., M.Sc.', 'Dosen Prodi ', 'PMAT', '000'),
(290, 'Soffi Widyanesti P., M.Sc.', 'Dosen Prodi ', 'PMAT', '000'),
(291, 'Hermanto, M.Hum.', 'Dekan', 'PBSI', ''),
(292, 'Riza Noor Rachmawati', 'Bendahara ', 'PGSD', 'riza.rachmawati@staff.uad.ac.id'),
(293, 'Ahmad Budairi, Ph.D.', 'Dosen', 'PBI', '-'),
(294, 'Arilia Triyoga, M.Pd.B.I.', 'Dosen', 'PBI', '-'),
(295, 'Arum Priadi, M.Pd.B.I.', 'Dosen', 'PBI', '-'),
(296, 'Astry Fajria, S.S., M.Pd.B.I.', 'Dosen', 'PBI', '-'),
(297, 'Dr. Fauzia, M.A.', 'Dosen', 'PBI', '-'),
(298, 'Hendra Darmawan, M.A.', 'Dosen', 'PBI', '-'),
(299, 'Muh Saeful Effendi, M.Pd.B.I.', 'Dosen', 'PBI', '-'),
(300, 'Nur Fatimah, M.Hum.', 'Dosen', 'PBI', '-'),
(301, 'Tri Rini Widiarti, S.Pd., M.Hum.', 'Dosen', 'PBI', '-'),
(302, 'Dr. Ani Susanti, M.Pd.B.I.', 'Dosen', 'PBI', '-'),
(303, 'Dr. Azwar Abbas, M.Hum.', 'Dosen', 'PBI', '-'),
(304, 'Dr. Ikmi Nur Oktavianti, M.A.', 'Dosen', 'PBI', '-'),
(305, 'Dr. Surono, M.Hum.', 'Dosen', 'PBI', '-'),
(306, 'Drs. Bambang Widi Pratolo, Ph.D.', '', 'PBI', '-'),
(307, 'Dwi Santoso, Ph.D.', '', 'PBI', '-'),
(308, 'Khafidhoh, M.Pd.', 'Dosen', 'PBI', '-'),
(309, 'Nur Rifai Akhsan, M.Ed.', '', 'PBI', '-'),
(310, 'Prayudha, S.Pd., M.A.', 'Dosen', 'PBI', '-'),
(311, 'Raden Muhammad Ali, S.S., M.Pd.', 'Dosen', 'PBI', '-'),
(312, 'Ratri Nur Hidayati, M.Pd.B.I.', 'Dosen', 'PBI', '-'),
(313, 'Soviyah, M.Hum.', 'Dosen', 'PBI', '-'),
(314, 'Dra. Umi Rokhyati, M.Hum.', '', 'PBI', '-'),
(315, 'Drs. Japen Sarage, M.A.', 'Dosen', 'PBI', '-'),
(316, 'Sucipto, M.Pd.B.I., Ph.D.', 'Dosen', 'PBI', '-'),
(317, 'Anggit Prabowo, M.Pd.', 'Dosen Prodi ', 'PMAT', '000'),
(318, 'Agus Indarjo', 'Tendik Prodi', 'PMAT', 'agus.indarjo@staff.uad.ac.id'),
(319, 'tes anggota senat', 'ketua', 'Senat', ''),
(320, 'tes anggota senat2', 'wakil', 'Senat', '');

-- --------------------------------------------------------

--
-- Table structure for table `asistensi`
--

CREATE TABLE `asistensi` (
  `id_asistensi` int(11) NOT NULL,
  `nama_asistensi` varchar(250) NOT NULL,
  `bidang` varchar(100) NOT NULL,
  `prodi` varchar(50) DEFAULT NULL,
  `email` varchar(250) DEFAULT NULL
) ENGINE=InnoDB DEFAULT CHARSET=utf8mb4 COLLATE=utf8mb4_general_ci;

--
-- Dumping data for table `asistensi`
--

INSERT INTO `asistensi` (`id_asistensi`, `nama_asistensi`, `bidang`, `prodi`, `email`) VALUES
(85, 'Hermanto, S.Pd., M.Hum.', 'Humas Dan Promosi', 'PBSI', 'hermanto@gmail.com'),
(87, 'Fery  Setyaningrum, M.Pd.', 'Humas dan Promosi', 'PGSD', NULL),
(88, 'Prayudha, M.A.', 'Humas dan Promosi', 'PBI', NULL),
(89, 'Agungbudiprabowo, M.Pd.', 'Humas dan Promosi', 'BK', NULL),
(90, 'Fanani Arief Ghozali S.Pd., M.Pd.', 'Humas dan Promosi', 'PVTE', NULL),
(91, 'Dholina Inang Pambudi, M.Pd	', 'Humas dan Promosi', 'PGSD', NULL),
(92, 'Dr. Dian Hidayati S.T., M.M.', 'Humas dan Promosi', 'MP', NULL),
(93, 'Dr. Muhammad Ardi Kurniawan S.S., M.A.', 'Humas dan Promosi', 'PBSI', NULL),
(94, 'Vita Istihapsari M.Pd', 'Humas dan Promosi', 'PMAT', NULL),
(95, 'Patria Handung Jaya S.Pd., M.A.', 'Humas dan Promosi', 'PGSD', NULL),
(97, 'Irvan Budhi Handaka S.Pd.,M.Pd.', 'Humas dan Promosi', 'BK', NULL),
(108, 'Ramadhani Uswatun Khasanah, S.Pd., S.S., M.Pd.\r\n', 'Implementasi AIK', 'PGSD', NULL),
(109, 'Dr. Fitri Indriani, M.Pd.I', 'Implementasi AIK', 'PGSD', NULL),
(110, 'Suyitno, M.Pd.', 'Implementasi AIK', 'PGSD', NULL),
(111, 'Ariati Dina Puspitasari S.Si., M.Pd', 'Implementasi AIK', 'PFIS', NULL),
(112, 'Muh Saeful Effendi M.Pd.B.I', 'Implementasi AIK', 'PBI', NULL),
(113, 'Yahya Hanafi M.Sc.', 'Implementasi AIK', 'PBIO', NULL),
(114, 'Amien Wahyudi S.Pd., M.Pd.,Kons', 'Implementasi AIK', 'BK', NULL),
(115, 'Dwi Hastuti S.Pd, M.Pd.I.', 'Implementasi AIK', 'PG PAUD', NULL),
(116, 'Caraka Putra Bhakti, M.Pd.', 'Kemahasiswaan dan Alumni', 'BK', NULL),
(117, 'Dr. Hardi Santosa, M.Pd.', 'Kemahasiswaan dan Alumni', 'BK', NULL),
(118, 'Iis Suwartini, M.Pd.', 'Kemahasiswaan dan Alumni', 'PBSI', NULL),
(119, 'Dr. Feri Budi Setyawan, M.Pd., AIFO-FIT', 'Kemahasiswaan dan Alumni', 'PGSD', NULL),
(120, 'Mahmuda Maarif, M.Pd.', 'Kemahasiswaan dan Alumni', 'PPKn', NULL),
(121, 'Aprida Agung Priambada, M.Or.', 'Kemahasiswaan dan Alumni', 'PGSD', NULL),
(122, 'Nur Rifai Akhsan, S.Pd., M.Ed.', 'Kemahasiswaan dan Alumni', 'PBI', NULL),
(123, 'Syariful Fahmi S.Pd.I., M.Pd', 'Kemahasiswaan dan Alumni', 'PMat', NULL),
(124, 'Heni Siswantari S.Pd., M.A', 'Kemahasiswaan dan Alumni', 'PGSD', NULL),
(125, 'Rahmi Munfangati S.S., M.Pd.', 'Kemahasiswaan dan Alumni', 'PBI', NULL),
(126, 'Siti Muyana S.Pd., M.Pd', 'Kemahasiswaan dan Alumni', 'BK', NULL),
(127, 'Arief Kurniawan M.Pd.', 'Kemahasiswaan dan Alumni', 'PVTO', NULL),
(128, 'Pramudita Budiastuti S.Pd., M.Pd.', 'Kemahasiswaan dan Alumni', 'PVTE', NULL),
(129, 'Irfan Yunianto, Ph.D.', 'Kerjasama Nasional dan Internasional', 'Pendidikan Biologi', 'irfan@pbio.uad.ac.id'),
(130, 'Prof. Dr. Hardi Suyitno, M.Pd.', 'Kerjasama Nasional dan Internasional', 'Pendidikan Matematika', 'hardi.suyitno@pmat.uad.ac.id'),
(131, 'Ega Asnatasia Maharani S.Psi., M.Psi.', 'Kerjasama Nasional dan Internasional', 'PGPAUD', 'ega@pgpaud.uad.ac.id'),
(132, 'Arilia Triyoga S.S., M.Pd.B.I.', 'Kerjasama Nasional dan Internasional', 'PBI', 'arilia@pbi.uad.ac.id'),
(133, 'Sucipto M.Pd.BI., Ph.D.', 'Kerjasama Nasional dan Internasional', 'PBI', 'sucipto@pbi.uad.ac.id'),
(134, 'Nurul Hidayati Rofiah, Ph.D.', 'Kerjasama Nasional dan Internasional', 'PGSD', 'nurulhidayati@pgsd.uad.ac.id'),
(135, 'DEDI WIJAYANTI, S.Pd., M.Hum.', 'Kerjasama Nasional dan Internasional', 'PBSI', 'dedi.wijayanti@pbsi.uad.ac.id'),
(136, 'Denik Wirawati S.Pd., M.Pd.', 'Kerjasama Nasional dan Internasional', 'PBSI', 'denik@pbsi.uad.ac.id'),
(137, 'Soffi Widyanesti Priwantoro S.Pd.Si., M.Sc.', 'Kerjasama Nasional dan Internasional', 'Pendidikan Matematika', 'soffiwidyanesti@pmat.uad.ac.id'),
(139, 'Dikdik Baehaqi Arif S.Pd., M.Pd.', 'Kerjasama Nasional dan Internasional', 'PPKn', 'dikdikbaehaqi@ppkn.uad.ac.id'),
(140, 'Roni Sulistiyono S.Pd., M.Pd.', 'Kerjasama Nasional dan Internasional', 'PBSI', 'roni.sulistiyono@pbsi.uad.ac.id'),
(141, 'R. Muhammad Ali, M.Pd.', 'Pengembangan Pendidikan dan Pembelajaran', 'PBI', NULL),
(143, 'Fariz Setyawan, M.Pd.', 'Pengembangan Pendidikan dan Pembelajaran', 'Pendidikan Matematika', NULL),
(144, 'Prima Suchi Rohmadheny, M.Pd.', 'Pengembangan Pendidikan dan Pembelajaran', 'PGPAUD', NULL),
(145, 'LOVANDRI DWANDA PUTRA, M.PD', 'Pengembangan Pendidikan dan Pembelajaran', 'PGSD', NULL),
(146, 'Dr. Riana Mashar, M.Si. Psi', 'Pengembangan Pendidikan dan Pembelajaran', 'PGPAUD', NULL),
(148, 'Yosi Wulandari M. Pd.', 'Pengembangan Pendidikan dan Pembelajaran', 'PBSI', NULL),
(149, 'Soviyah, S.Pd., M.Hum.', 'Pengembangan Pendidikan dan Pembelajaran', 'PBI', NULL),
(150, 'Asih Mardati S.Pd., M.Pd', 'Pengembangan Pendidikan dan Pembelajaran', 'PGSD', NULL),
(153, 'Dr. Novi Febrianti S.Si., M.Si.', 'Pengembangan Pendidikan dan Pembelajaran', 'PBIO', NULL),
(154, 'Dr. Puguh Wahyu Prasetyo, M.Sc.', 'Pengembangan SDM', 'Pendidikan Matematika', NULL),
(155, 'Hanum  Hanifa Sukma, M.Pd.', 'Pengembangan SDM', 'PGSD', NULL),
(156, 'Dr. Trianik Widyaningrum, m.Si.', 'Pengembangan SDM', 'Pendidikan Biologi', NULL),
(157, 'Dr Hendro Widodo S.Pd.I, M.Pd.', 'Pengembangan SDM', 'PGSD', NULL),
(158, 'Dr. Dian Hidayati S.T., M.M.', 'Pengembangan SDM', 'MP', NULL),
(159, 'Dr. Enung Hasanah S.Pd., M.Pd.', 'Pengembangan SDM', 'MP', NULL),
(160, 'Dr. Burhanudin Arif Nurnugroho S.Si., M.Sc.', 'Pengembangan SDM', 'Pendidikan Matematika', NULL),
(161, 'Khafidhoh S.Pd., M.Pd', 'Pengembangan SDM', 'PBI S-1', NULL),
(162, 'Dr. Dody Hartanto S.Pd., M.Pd.', 'Pengembangan SDM', 'BK', NULL),
(163, 'Dr. Tri Kuat M.Pd.', 'Pengembangan SDM', 'MPGV', NULL),
(164, 'Uswatun Khasanah S.Si., M.Sc.', 'Pengembangan SDM', 'PMAT', NULL),
(165, 'Wahyu Nanda Eka Saputra, M.Pd.Kons', 'Percepatan kinerja riset, Pengabdian dan Publikasi', 'BK', NULL),
(166, 'Dr. Iin Inawati, M.Pd.', 'Percepatan kinerja riset, Pengabdian dan Publikasi', 'PBI S2', NULL),
(169, 'Nani Aprilia S.Pd., M.Pd.', 'Percepatan kinerja riset, Pengabdian dan Publikasi', 'PBIO', NULL),
(170, 'Dr. Andriyani M.Si.', 'Percepatan kinerja riset, Pengabdian dan Publikasi', 'PMAT S2', NULL),
(171, 'Vera Yuli Erviana S.Pd., M.Pd', 'Percepatan kinerja riset, Pengabdian dan Publikasi', 'PGSD', NULL),
(172, 'Dr. Purwati Zisca Diana S.Pd., M.Pd.', 'Percepatan kinerja riset, Pengabdian dan Publikasi', 'PBSI', NULL),
(173, 'Siwi Purwanti, M.Pd', 'Percepatan kinerja riset, Pengabdian dan Publikasi', 'PGSD', NULL),
(174, 'Meita Fitrianawati M.Pd', 'Percepatan kinerja riset, Pengabdian dan Publikasi', 'PGSD', NULL),
(175, 'Sudaryanto S.Pd.,M.Pd.', 'Percepatan kinerja riset, Pengabdian dan Publikasi', 'PBSI', NULL),
(176, 'Dr. Ikmi Nur Oktavianti S.S., M.A.', 'Percepatan kinerja riset, Pengabdian dan Publikasi', 'PBI', NULL),
(177, 'Dr. Budi Santosa M.Pd.', 'Percepatan kinerja riset, Pengabdian dan Publikasi', 'PVTO', NULL),
(178, 'Wachid Eko Purwanto S.Pd., M.A', 'Percepatan kinerja riset, Pengabdian dan Publikasi', 'PBSI', NULL),
(179, 'Dr. Moh. Toifur, M.Si.', 'Percepatan kinerja riset, Pengabdian dan Publikasi', 'MPFIS', NULL),
(180, 'Dr. Fauzia, S.Pd., M.A.', 'Tim Akreditasi ', 'PBI', NULL),
(181, 'Probo Siwi, M.Sn', 'Tim Akreditasi ', 'PGSD', NULL),
(183, 'Anggit Prabowo, M.Pd', 'Tim Akreditasi ', 'PMAT', NULL),
(188, 'Afit Istiandari, M.Pd ', 'Tim Akreditasi', 'PMAT', NULL),
(190, 'Fitri Merawati S.Pd., M.A', 'Tim Akreditasi', 'PBSI', NULL),
(193, 'Hani Irawati, M.Pd', 'Tim Akreditasi', 'PBIO', NULL),
(194, 'Dr. Bambang Sudarsono, M.Pd', 'Tim Akreditasi', 'PVTO', NULL),
(196, 'Muya Barida, S.Pd., M.Pd', 'Tim Akreditasi', 'BK', NULL),
(200, 'Dr. Burhanudin Arif Nurnugroho S.Si., M.Sc.', 'Tim Akreditasi', 'PMAT', NULL),
(208, 'Muhammad Sayuti, S.Pd., M.Pd., M.Ed., Ph.D.', 'Implementasi AIK', 'MPGV', 'muhammad.sayuti@mpgv.uad.ac.id'),
(209, 'Muhammad Sayuti, M.Pd., M.Ed., Ph.D.', 'Pengembangan SDM', 'MPGV', 'muhammad.sayuti@mpgv.uad.ac.id'),
(210, 'Dr. Ani Susanti, M.Pd.B.I.', 'Pengembangan SDM', 'PBI', 'ani.susanti@uad.ac.id'),
(212, 'Okimustava, M.Pd.Si.', 'Percepatan kinerja riset, Pengabdian dan Publikasi', 'PFIS', ''),
(213, 'Dr. Ani Susanti, M.Pd.BI.', 'Implementasi AIK', 'Pendidikan Bahasa Inggris S-1', 'ani.susanti@pbi.uad.ac.id'),
(214, 'Dwi Astuti', 'Implementasi AIK', 'Pendidikan Matematika S-1', ''),
(215, 'Dr. Suyatno, M.Pd.I.', 'Implementasi AIK', 'Magister Manajemen Pendidikan (S-2)', ''),
(216, 'Mufied Fauziah, M.Pd.', 'Kemahasiswaan dan Alumni', 'Bimbingan dan Konseling', ''),
(217, 'Aprilia Setyowati, M.Pd', 'Kemahasiswaan dan Alumni', 'Bimbingan dan Konseling', ''),
(218, 'Dr., Suyatno, M.Pd.I', 'Kemahasiswaan dan Alumni', 'Manajemen Pendidikan', ''),
(219, 'Dr. ANI SUSANTI, M.Pd.B.I.', 'Kemahasiswaan dan Alumni', 'Wakil Dekan', ''),
(220, 'Muhammad Sayuti, M.Pd., M.Ed., Ph.D.', 'Kemahasiswaan dan Alumni', 'Dekan', ''),
(222, 'Agus Ria Kumara, S.Pd., M.Pd.', 'Kerjasama Nasional dan Internasional', 'Bimbingan dan Konseling', 'agus.kumara@bk.uad.ac.id'),
(223, 'Agus Supriyanto, S.Pd., M.Pd.', 'Kerjasama Nasional dan Internasional', 'Bimbingan dan Konseling', 'agus.supriyanto@bk.uad.ac.id'),
(224, 'Muhammad Sayuti, M.Pd., M.Ed., Ph.D.', 'Tim Akreditasi', 'MPGV', 'muhammad.sayuti@mpgv.uad.ac.id'),
(225, 'Dr. Ani Susanti, M.Pd.B.I.', 'Tim Akreditasi', 'PBI', 'ani.susanti@pbi.uad.ac.id'),
(226, 'Dr. Suyatno, M.Pd.I.', 'Tim Akreditasi', ' Magister Manajemen Pendidikan', 'suyatno@mp.uad.ac.id'),
(227, 'Probosiwi, M.Sn', 'Tim Akreditasi', 'PGSD', 'probosiwi@pgsd.uad.ac.id'),
(228, 'Fanani Arief Ghozali, S.Pd., M.Pd.', 'Tim Akreditasi', 'PVTE', 'fanani.ghozali@pvte.uad.ac.id'),
(229, 'Arilia Triyoga, S.S., M.Pd.B.I.', 'Tim Akreditasi', 'PBI', 'arilia@pbi.uad.ac.id'),
(230, 'Dr. Suyatno, M.Pd.I.', 'Pengembangan SDM', 'Magister Manajemen Pendidikan', 'suyatno@mp.uad.ac.id'),
(231, 'Yudhiakto Pramudya, Ph.D', 'Percepatan kinerja riset, Pengabdian dan Publikasi', 'MPFIS', ''),
(232, 'Muhammad Sayuti, M.Pd., M.Ed., Ph.D.', 'Percepatan kinerja riset, Pengabdian dan Publikasi', 'Dekan FKIP', ''),
(234, 'Dr. Suyatno, M.Pd.I', 'Percepatan kinerja riset, Pengabdian dan Publikasi', 'Wakil Dekan 1', ''),
(235, 'Nurma Sari, S.Pd.', 'Percepatan kinerja riset, Pengabdian dan Publikasi', 'Staff Tendik', ''),
(236, 'Yoga Dwi Prabowo', 'Percepatan kinerja riset, Pengabdian dan Publikasi', 'Staff Tendik', ''),
(237, 'Irvan Budhi Handaka, M.Pd.', 'Humas Dan Promosi', 'BK', '-'),
(238, 'M. Yuda Ariwibowo, S.Pd.', 'Kerjasama Nasional dan Internasional', 'Laboratorium P3K', 'yuda.wibowo@staff.uad.ac.id'),
(239, 'Rino Hari Prasetyo, S.Pd.', 'Kerjasama Nasional dan Internasional', 'Laboratorium P.BIO', 'rino.prasetyo@staff.uad.ac.id'),
(240, 'Nurma Sari, S.Pd.', 'Kemahasiswaan dan Alumni', 'Dekanat', ''),
(241, 'M. Yuda Ariwibowo, S.Pd.', 'Kemahasiswaan dan Alumni', 'Dekanat', ''),
(243, 'Nur Robiah Nofikusumawati Peni, S.Pd., M.Ed., Ph.D in Ed', 'Kerjasama Nasional dan Internasional', 'S2 Pendidikan Matematika', 'nur.peni@mpmat.uad.ac.id'),
(244, 'Ratri Nur Hidayati, M.Pd.', 'Pengembangan Pendidikan dan Pembelajaran', 'PBI', ''),
(245, 'Eko Nursulistiyo, M.Pd.', 'Pengembangan Pendidikan dan Pembelajaran', 'PFIS', ''),
(246, 'Hermanto, S.Pd., M.Hum.', 'Humas dan Promosi', 'PBSI', '-'),
(247, 'Muhammad Sayuti, M.Pd., M.Ed., Ph.D.', 'Kerjasama Nasional dan Internasional', 'Dekanat', 'muhammad.sayuti@mpgv.uad.ac.id'),
(248, 'Syifa Siti Aulia, S.Pd., M.Pd.', 'Pengembangan SDM', 'PPKn', ''),
(249, 'Dr. Ika Maryani, M.Pd', 'Humas dan Promosi', 'PGSD', '-'),
(250, 'Devanie FIrananda Happy Agtasia, S.Pd.', 'Pengembangan SDM', 'Laboran PBI', 'devanie.agtasia@staff.uad.ac.id'),
(251, 'Dr. Suyatno, M.Pd.I.', 'Kerjasama Nasional dan Internasional', 'Dekanat', 'suyatno@mp.uad.ac.id'),
(252, 'Al Qisan', 'Pengembangan SDM', 'DEKANAT', ''),
(253, 'Dr. Ani Susanti, M.Pd.B.I.', 'Kerjasama Nasional dan Internasional', 'Dekanat', 'ani.susanti@pbi.uad.ac.id'),
(254, 'Dr. Fauziah, M.A.', 'Percepatan kinerja riset, Pengabdian dan Publikasi', 'PBI', ''),
(255, 'Dr. Djoko Sutrisno, S.Pd., M.Pd', 'Humas dan Promosi', 'MPBI', '-'),
(256, 'Dr. Ika Maryani, M.Pd.', 'Percepatan kinerja riset, Pengabdian dan Publikasi', 'PGSD', ''),
(257, 'Dr. Ani Susanti, M.Pd.B.I.', 'Percepatan kinerja riset, Pengabdian dan Publikasi', 'Wakil Dekan 2', ''),
(258, 'Siti Salamah SS, M.Hum.', 'Implementasi AIK', 'PBSI', '-'),
(259, 'Al Qisan', 'Implementasi AIK', 'PGSD', '-'),
(260, 'Anggit Prabowo, M.Pd.', 'Tim Akreditasi', 'PMAT', ''),
(262, 'Uswatun Khasanah, S.Si., M.Sc.', 'Tim Akreditasi', 'PMAT', ''),
(263, 'Ragil Dian Purnama Putri, M.Pd', 'Tim Akreditasi', 'PGSD', ''),
(264, 'Prima Suci Rohmadheny, S.Pd, M.Pd.', 'Tim Akreditasi', 'PG PAUD', ''),
(265, 'Trisna Sukmayadi, S.Pd., M.Pd.', 'Tim Akreditasi', 'PPKn', ''),
(267, 'Ramadhani Uswatun Khasanah, M. Pd', 'Tim Akreditasi', 'BK', ''),
(268, 'Kunti Robiatul Mahmudah, S.Pd., M.Sc., Ph.D', 'Tim Akreditasi', 'Magister PMAT', ''),
(269, 'Moch. Yordan Rismarinandyo, M.T.', 'Tim Akreditasi', 'PVTE', ''),
(270, 'Devanie Firananda Happy Agtasia, S.Pd.', 'Tim Akreditasi', 'Laboran PBI', 'devanie.agtasia@staff.uad.ac.id'),
(271, 'Rino Hari Prasetyo, S. Pd. ', 'Tim Akreditasi', 'Laboran PBIO', ''),
(272, 'Toni Kus Indrato, M.Pd.Si', 'Pengembangan SDM', 'Pendidikan Fisika', ''),
(273, 'Avanti Vera Risti Pramudyani, M.Pd. ', 'Pengembangan Pendidikan dan Pembelajaran', 'PGPAUD', ''),
(274, 'Dr. Dian Artha Kusumaningtyas, M.Pd.Si.', 'Pengembangan Pendidikan dan Pembelajaran', 'MPFIS', ''),
(275, 'Dr. Muya Barida, M.Pd.', 'Pengembangan Pendidikan dan Pembelajaran', 'BK', ''),
(276, 'Dr. Riana Mashar, S.Psi., M.Si., Psiko', 'Pengembangan Pendidikan dan Pembelajaran', 'PGPAUD', ''),
(277, 'Dwi Astuti, M.Pd.', 'Pengembangan Pendidikan dan Pembelajaran', 'PMAT', ''),
(278, 'Muhammad Sayuti, M.Pd., M.Ed., Ph.D.', 'Pengembangan Pendidikan dan Pembelajaran', 'Dekan FKIP', ''),
(279, 'Dr. Suyatno, M.Pd.I', 'Pengembangan Pendidikan dan Pembelajaran', 'Wakil Dekan 1', ''),
(280, 'Dr. Ani Susanti, M.Pd.B.I.', 'Pengembangan Pendidikan dan Pembelajaran', 'Wakil Dekan 2', ''),
(281, 'Nurma Sari, S.Pd.', 'Pengembangan Pendidikan dan Pembelajaran', 'Staff Tendik', ''),
(282, 'Yoga Dwi Prabowo', 'Pengembangan Pendidikan dan Pembelajaran', 'Staff Tendik', ''),
(283, 'Dr. Dian Hidayati, S.T., M.M.', 'Tim Akreditasi', 'S2 Manajemen Pendidikan', 'dian.hidayati@mp.uad.ac.id');

-- --------------------------------------------------------

--
-- Table structure for table `buku_tamu`
--

CREATE TABLE `buku_tamu` (
  `id_buku_tamu` int(20) NOT NULL,
  `penerima` varchar(50) NOT NULL,
  `keperluan` varchar(50) NOT NULL,
  `nama_peserta` varchar(50) NOT NULL,
  `instansi_peserta` varchar(256) NOT NULL,
  `no_hp_peserta` varchar(20) NOT NULL,
  `jabatan_peserta` varchar(50) NOT NULL,
  `tanggal` varchar(50) NOT NULL
) ENGINE=InnoDB DEFAULT CHARSET=utf8mb4 COLLATE=utf8mb4_general_ci;

-- --------------------------------------------------------

--
-- Table structure for table `divisi`
--

CREATE TABLE `divisi` (
  `id_divisi` int(16) NOT NULL,
  `id_instansi` int(10) DEFAULT NULL,
  `nama_divsi` varchar(16) NOT NULL
) ENGINE=InnoDB DEFAULT CHARSET=latin1 COLLATE=latin1_swedish_ci;

--
-- Dumping data for table `divisi`
--

INSERT INTO `divisi` (`id_divisi`, `id_instansi`, `nama_divsi`) VALUES
(1, 12, 'HRD'),
(2, 0, 'admin');

-- --------------------------------------------------------

--
-- Table structure for table `import`
--

CREATE TABLE `import` (
  `id` int(11) NOT NULL COMMENT 'Primary Key',
  `first_name` varchar(100) NOT NULL COMMENT 'First Name',
  `last_name` varchar(100) NOT NULL COMMENT 'Last Name',
  `email` varchar(255) NOT NULL COMMENT 'Email Address',
  `contact_no` varchar(50) NOT NULL COMMENT 'Contact No'
) ENGINE=InnoDB DEFAULT CHARSET=latin1 COLLATE=latin1_swedish_ci COMMENT='datatable demo table';

-- --------------------------------------------------------

--
-- Table structure for table `instansi`
--

CREATE TABLE `instansi` (
  `id_instansi` int(15) NOT NULL,
  `nama_instansi` varchar(100) NOT NULL,
  `alamat_lengkap` text NOT NULL,
  `telp` varchar(30) NOT NULL,
  `informasi` text NOT NULL,
  `fax` varchar(30) NOT NULL,
  `npwp` varchar(40) NOT NULL,
  `logo` varchar(50) NOT NULL,
  `favicon` varchar(40) NOT NULL,
  `keterangan_situs` varchar(50) NOT NULL
) ENGINE=InnoDB DEFAULT CHARSET=latin1 COLLATE=latin1_swedish_ci;

--
-- Dumping data for table `instansi`
--

INSERT INTO `instansi` (`id_instansi`, `nama_instansi`, `alamat_lengkap`, `telp`, `informasi`, `fax`, `npwp`, `logo`, `favicon`, `keterangan_situs`) VALUES
(97, 'Majelis Dikti Muhammadiyah', 'Kantor Majelis Diktilitbang PP Muhammadiyah\r\nJalan Brawijaya No. 89 Menayu Kidul RT. 08 Tirtonirmolo Kasihan Bantul ', '081273328123', 'Sistem informasi arsip ini adalah : untuk mempermudah dalam pengarsipan setiap bentuk dokumen dalam suatu instansi organinsasi , yang sewaktu - waktu dapat di lihat kembali data dokumen yang terarsipkan sebelumnya', '081273328123', '923042-882-302-', '1620088880logo.jpg', '1620088880logo1.jpg', 'https://diktilitbangmuhammadiyah.org/id/'),
(97, 'Majelis Dikti Muhammadiyah', 'Kantor Majelis Diktilitbang PP Muhammadiyah\r\nJalan Brawijaya No. 89 Menayu Kidul RT. 08 Tirtonirmolo Kasihan Bantul ', '081273328123', 'Sistem informasi arsip ini adalah : untuk mempermudah dalam pengarsipan setiap bentuk dokumen dalam suatu instansi organinsasi , yang sewaktu - waktu dapat di lihat kembali data dokumen yang terarsipkan sebelumnya', '081273328123', '923042-882-302-', '1620088880logo.jpg', '1620088880logo1.jpg', 'https://diktilitbangmuhammadiyah.org/id/');

-- --------------------------------------------------------

--
-- Table structure for table `lainya`
--

CREATE TABLE `lainya` (
  `id_lainya` int(20) NOT NULL,
  `nama_lainya` varchar(50) DEFAULT NULL
) ENGINE=InnoDB DEFAULT CHARSET=utf8mb4 COLLATE=utf8mb4_general_ci;

--
-- Dumping data for table `lainya`
--

INSERT INTO `lainya` (`id_lainya`, `nama_lainya`) VALUES
(121, 'henry'),
(122, 'lagi'),
(123, 'hallo'),
(124, 'hallo2'),
(125, 'idim'),
(126, 'wicak'),
(127, 'tes 1'),
(128, 'idim'),
(129, 'wicak'),
(130, 'tes 1'),
(131, 'Devanie'),
(132, 'Yuwanto'),
(133, 'Al Qisan'),
(134, 'Devanie Firananda H.A.'),
(135, ''),
(136, 'Dr. Ani Susanti, M.Pd.B.I'),
(137, 'Khairullah'),
(138, 'Hendro Kusumomoro'),
(139, 'M. Nasir Hafidz'),
(140, 'Moch. Yordan R.'),
(141, 'Amirul Ihsan'),
(142, 'Intan Puspitasari'),
(143, 'Rendra A'),
(144, 'Wildan Faizun Mubarok'),
(145, 'Mahmuda Ma\'arif'),
(146, 'Dwi Indarti'),
(147, ''),
(148, 'Al Qisan'),
(149, 'Al Qisan'),
(150, 'Al Qisan'),
(151, 'Al Qisan'),
(152, 'Bayu W.'),
(153, 'Al Qisan'),
(154, 'Al Qisan'),
(155, 'Al Qisan'),
(156, 'Devanie FIrananda Happy Agtasia'),
(157, 'Al Qisan'),
(158, 'Devanie Firananda Happy Agtasia'),
(159, 'Mufied Fauziah, M.Pd.'),
(160, ''),
(161, 'Aprilia Setyowati, M.Pd'),
(162, ''),
(163, 'Aprilia Setyowati, M.Pd'),
(164, ''),
(165, ''),
(166, 'Aziz MPGV'),
(167, 'Amirul Ikhsan'),
(168, 'Dikdo Harimawanto'),
(169, 'Al Qisan'),
(170, 'Yuwanto'),
(171, 'Akmal'),
(172, 'Djoko Sutrisno'),
(173, 'Al Qisan'),
(174, 'Al Qisan'),
(175, 'Dr. Enung Hasanah, M.Pd.'),
(176, 'Fajar Dwi Putra, M.Psi.'),
(177, 'Muhammad Sayuti, M.Pd., M.Ed., Ph.D.'),
(178, 'Dr. Ani Susanti, M.Pd.BI.'),
(179, 'Al Qisan'),
(180, 'Januar Adam Prasetiya'),
(181, ''),
(182, 'Al Qisan'),
(183, 'Ika Maryani'),
(184, 'Toni Kus Indratno'),
(185, 'Al Qisan'),
(186, ''),
(187, 'Al Qisan'),
(188, 'Al Qisan'),
(189, ''),
(190, 'Yusuf Effendi, M.Pd'),
(191, ''),
(192, 'Al Qisan'),
(193, 'Dr. Fauzia, M.A.'),
(194, 'Dr. Enung Hasanah, S.Pd., M.Pd.'),
(195, 'Dra. Sri Tutur Martaningsih, M.Pd'),
(196, 'Eko Nur Sulistiyo, M.Pd.'),
(197, 'Roni Sulistiyono, S.Pd., M.Pd.'),
(198, 'Dra. Alif Muarifah, S.Psi,M.Si., Ph.D.'),
(199, 'Irvan Budhi Handaka, M.Pd.'),
(200, 'Wachid Eko Purwanto, S.Pd.,M.A.'),
(201, 'Dr. Novi Febrianti, M.Si.'),
(202, 'Uswatun Khasanah, S.Si., M.Sc.'),
(203, 'Pramudita Budiastuti, S.Pd., M.Pd.'),
(204, 'Arief Kurniawan, S.Pd., M.Pd.'),
(205, 'Dr. Budi Santosa, M.Pd.'),
(206, 'Dr. Moh. Toifur, M.Si'),
(207, 'Anggit Prabowo, M.Pd.'),
(208, 'Rahmi Munfangati, S.S., M.Pd.'),
(209, 'Dikdik Baehaqi Arif, M.Pd.'),
(210, 'Ikmi Nur Oktavianti, M.A.'),
(211, 'Drs. Akmal, M.Hum., M.Sc., Ph.D.'),
(212, 'Yuwanto'),
(213, ''),
(214, 'Al Qisan'),
(215, 'Devanie Firananda'),
(216, 'Wildan Faizun'),
(217, 'Hermanto, S.Pd.,M.Hum.'),
(218, 'Devanie '),
(219, ''),
(220, 'Yudhiakto Pramudya, Ph.D'),
(221, 'Dr. Ishafit, M.Si.'),
(222, 'Dr. Dian Artha Kusumaningtyas, M.Pd.Si.'),
(223, 'Moh. Irma Sukarelawan, M.Pd.Si'),
(224, 'Parwanti Dewi'),
(225, 'Eko Susanto'),
(226, 'Parwanti Dewi'),
(227, ''),
(228, 'Eko Susanto'),
(229, 'Eko Susanto'),
(230, 'Dewi Parwanti'),
(231, ''),
(232, 'Dewi Parwanti'),
(233, ''),
(234, 'Kholil Amri'),
(235, 'Muh. Rayhan Maulana'),
(236, 'Widya Eksandra'),
(237, 'Syafira Anna Dzirin'),
(238, 'Hafish Azhar F'),
(239, 'Suparmi Sofiatin'),
(240, 'Dr. Supriyadi, M.Si.'),
(241, 'Dr. Megawati, S.H., M.Hum.'),
(242, 'Achmad Effendi, M.Ag.'),
(243, 'Nunik Hariyanti, S.Kom.'),
(244, 'Suyitno, M.Pd.'),
(245, 'Retnaningsih'),
(246, ''),
(247, 'Muya Barida, M.Pd.'),
(248, 'Dr. Suryadi, S.H., M.Hum.'),
(249, 'Nurul Satria Abdi, S.H., M.H.'),
(250, 'Dr. Supriyadi, M.Si.'),
(251, 'Drs. Ekram Pawiroputro, M.Pd.'),
(252, 'Mufti Khakim, S.H., M.H.'),
(253, 'Fitri Merawati, M.Pd.'),
(254, 'Syahbana Daulay, M.Ag.'),
(255, 'Fadhlurrahman,S.Pd.I., M.Pd.'),
(256, ''),
(257, 'Dr. Suparman, M.Si., DEA.'),
(258, 'Dr. Supriyadi, M.Si.'),
(259, 'Muya Barida, M.Pd.'),
(260, 'Fitri Merawati, M.Pd.'),
(261, 'Nurul Satria Abdi, S.H., M.H.'),
(262, 'Retnoningsih'),
(263, ''),
(264, 'Ekram Pawiroputro, M.Pd.'),
(265, 'Retnoningsih'),
(266, 'Dr., Djoko Sutrisno, S.Pd., M.Pd.'),
(267, ''),
(268, 'Dr., WAHYU WIDYANINGSIH, M.Si., Apt.'),
(269, 'Dr., Djoko Sutrisno, S.Pd., M.Pd.'),
(270, 'Dr. Djoko Sutrisno, M.Pd.'),
(271, 'Fiftin Noviyanto, S.T., M.Cs.'),
(272, 'Ahmad Ashari'),
(273, 'Laili'),
(274, 'Ana'),
(275, 'Danny Hexa'),
(276, 'Dwi Indarti'),
(277, ' Kamiludin, M.Pd'),
(278, 'Eko Susanto'),
(279, 'Rifky Dora Wijayati, S.Pd., M.Hum.'),
(280, 'Erin'),
(281, 'Widya'),
(282, 'Agiv'),
(283, 'Fatiya'),
(284, 'Bu aan'),
(285, 'Bu tiya'),
(286, 'Drs, Kardono, M.Pd'),
(287, 'Rani Kusfiana, S.Pd'),
(288, 'Ulfah Rahmawati, S.Pd'),
(289, 'Khoirul Aisyah, S.Pd'),
(290, 'Prof. DR.  Suwarna, M.Pd.'),
(291, 'Aprilia Setyowati, M.Pd.'),
(292, 'Atiek Setyo D, M.Pd.'),
(293, 'Dikdik Baehaqi Arief, M.Pd.'),
(294, 'Fitri Margi Rahayu Simeru 5'),
(295, 'Junianta BSP 5'),
(296, 'Mufied Fauziah, M.Pd.'),
(297, 'Dr. Muya Barida, M.Pd.'),
(298, 'Nanik Arkiyah, M.IP.'),
(299, 'Dra. Rini Ningsih, M.Pd.'),
(300, 'Intan Puspitasari, S.Psi., M.A.'),
(301, 'Dr. Enung Hasanah, M.Pd.'),
(302, 'Dr.  H Abdul Taram, M.Si'),
(303, 'Drs. Hadi Sasongko, M.Si.'),
(304, 'Dr. Sobirin SH MH'),
(305, 'Budi Ashari, S.Ag., MA'),
(306, 'Dr. Ani Susanti, M.Pd.B.I.'),
(307, 'Dr. Ani Susanti, M.Pd.B.I.'),
(308, 'Dr. Nikmah Nurbaity, M.Pd.B.I.'),
(309, 'Januar Adam Prasetiya'),
(310, 'Rifky Dora'),
(311, 'Isnanisha'),
(312, 'Dr. Supriyadi, M.Si.'),
(313, 'Ekram Pawiroputro, M.Pd.'),
(314, 'Dr. Suryadi, S.H.,M.Hum.'),
(315, 'Dr. Megawati, S.H., M.Hum.'),
(316, 'Tri Rini Widiarti, M.Hum.'),
(317, 'Achmad Affandi, M.Ag.'),
(318, 'Retnaningsih'),
(319, 'Khoniatur Rohmah'),
(320, 'Cecep Wijaya'),
(321, 'Ardi Afriansyah'),
(322, 'Suyitno, M.Pd.'),
(323, 'Lisa Retnasari, M.Pd.'),
(324, 'Dr. Andriyani, M.Si.'),
(325, 'Prof. Dr. Suparman, M.SI., DEA.'),
(326, 'Nabila Kusuma Wardhani, S.S.'),
(327, 'Nur Robiah Nofikusumawati Peni, S.Pd., M.Ed., Ph.D'),
(328, 'Prof. Dr. Rully Charitas Indra Prahmana'),
(329, 'dwi indarti'),
(330, 'Dr. Muhammad Kunta Biddinika, Eng., S.T., M.Eng'),
(331, 'Muhammad Alfian, M.H.'),
(332, 'Dr. Kharis Nugroho, Lc.M. Ud.'),
(333, 'Dr. Burhanudin Arif Nurnugroho, M.Sc.'),
(334, 'Irfan Nuruddin, S.Th.I., M.S.I'),
(335, 'Dr. Iqbal Arpannudin, M.Pd.');

-- --------------------------------------------------------

--
-- Table structure for table `login`
--

CREATE TABLE `login` (
  `id_user` int(15) NOT NULL,
  `username` varchar(50) NOT NULL,
  `password` varchar(80) NOT NULL,
  `nama` varchar(59) NOT NULL,
  `email` varchar(50) NOT NULL,
  `foto` varchar(50) NOT NULL,
  `level` enum('user','admin','Senat','hdp','ia','kda','kndi','ppdp','ps','pkrpdp','ta','bk','pbi','pbsi','pmat','pfis','ppkn','pbio','pgsd','pgpaud','pvto','pvte','ppg','mbk','mpmat','mp','mpbi','mpfis','mpgv','lab') NOT NULL,
  `active` enum('Y','N') NOT NULL,
  `date_create` date NOT NULL,
  `log` datetime DEFAULT NULL,
  `id_divisi` varchar(100) NOT NULL
) ENGINE=InnoDB DEFAULT CHARSET=latin1 COLLATE=latin1_swedish_ci;

--
-- Dumping data for table `login`
--

INSERT INTO `login` (`id_user`, `username`, `password`, `nama`, `email`, `foto`, `level`, `active`, `date_create`, `log`, `id_divisi`) VALUES
(3, 'admin', '202cb962ac59075b964b07152d234b70', 'Admin FKIP', 'admin@example.com', 'foto1662955020.jpg', 'admin', 'Y', '0000-00-00', '2022-12-28 01:50:58', '1'),
(7, 'adminhdp', '202cb962ac59075b964b07152d234b70', 'Humas Dan Promosi', 'humasdanpromosi@admin.com', 'foto1671858494.jpg', 'hdp', 'Y', '0000-00-00', '2022-12-24 06:08:14', '1'),
(8, 'adminaik', '202cb962ac59075b964b07152d234b70', 'Admin Implementasi AIK', 'ia@admin.com', '', 'ia', 'Y', '0000-00-00', '2022-12-26 04:01:45', '1'),
(9, 'adminkda', '202cb962ac59075b964b07152d234b70', 'Admin Kemahasiswaan Dan Alumni', 'kda@admin.com', '', 'kda', 'Y', '0000-00-00', '2022-12-05 06:30:16', ''),
(10, 'adminkndi', '202cb962ac59075b964b07152d234b70', 'Admin Kerjasama Nasional dan Internasional', 'kndi@admin.com', 'Tidak ada file', 'kndi', 'Y', '0000-00-00', NULL, '1'),
(11, 'adminppdp', '202cb962ac59075b964b07152d234b70', 'Admin Pengembangan Pendidikan dan Pembelajaran', 'ppdp@admin.com', 'Tidak ada file', 'ppdp', 'Y', '0000-00-00', NULL, '1'),
(12, 'adminps', '202cb962ac59075b964b07152d234b70', 'Admin Pengembangan SDM', 'ps@admin.com', 'Tidak ada file', 'ps', 'Y', '0000-00-00', NULL, '1'),
(13, 'adminpkrpdp', '202cb962ac59075b964b07152d234b70', 'Admin Percepatan kinerja riset, Pengabdian dan Publikasi', 'pkrpdp@admin.com', 'Tidak ada file', 'pkrpdp', 'Y', '0000-00-00', NULL, '1'),
(14, 'adminta', '202cb962ac59075b964b07152d234b70', 'Admin Tim Akreditasi', 'ta@admin.com', 'Tidak ada file', 'ta', 'Y', '0000-00-00', NULL, '1'),
(15, 'adminbk', '202cb962ac59075b964b07152d234b70', 'Admin BK', 'bk@admin.com', 'foto1672383353.jpg', 'bk', 'Y', '0000-00-00', '2022-12-30 06:55:53', '1'),
(16, 'adminpbi', 'ec7da46bfcc2436efcc9ea2ab8a46401', 'Admin PBI', 'pbi@admin.com', 'Tidak ada file', 'pbi', 'Y', '0000-00-00', '2022-12-30 06:53:12', '1'),
(17, 'adminpbsi', '202cb962ac59075b964b07152d234b70', 'Admin PBSI', 'pbsi@gmail.com', 'Tidak ada file', 'pbsi', 'Y', '0000-00-00', NULL, '1'),
(18, 'adminpmat', '202cb962ac59075b964b07152d234b70', 'Admin PMAT', 'pmat@admin.com', 'Tidak ada file', 'pmat', 'Y', '0000-00-00', NULL, '1'),
(19, 'adminpfis', '202cb962ac59075b964b07152d234b70', 'Admin PFIS', 'pfis@gmail.com', 'Tidak ada file', 'pfis', 'Y', '0000-00-00', NULL, '1'),
(20, 'adminppkn', '202cb962ac59075b964b07152d234b70', 'Admin PPKN', 'ppkn@gmail.com', 'Tidak ada file', 'ppkn', 'Y', '0000-00-00', NULL, '1'),
(21, 'adminpbio', '202cb962ac59075b964b07152d234b70', 'Admin PBIO', 'pbio@gmail.com', 'Tidak ada file', 'pbio', 'Y', '0000-00-00', '2022-12-30 07:03:32', '1'),
(22, 'adminpgsd', '7d9ba3362656d057b9ebc49e177a79cc', 'Admin PGSD', 'pgsd@gmail.com', 'foto1672383188.jpg', 'pgsd', 'Y', '0000-00-00', '2022-12-30 06:53:08', '1'),
(23, 'adminpgpaud', '202cb962ac59075b964b07152d234b70', 'Admin PGPAUD', 'pgpaud@gmail.com', 'Tidak ada file', 'pgpaud', 'Y', '0000-00-00', NULL, '1'),
(24, 'adminpvto', '202cb962ac59075b964b07152d234b70', 'Admin PVTO', 'pvto@gmail.com', 'Tidak ada file', 'pvto', 'Y', '0000-00-00', NULL, '1'),
(25, 'adminpvte', '67d5d01c03d525fbc194e3ecf5564f22', 'Admin PVTE', 'pvte@gmail.com', 'Tidak ada file', 'pvte', 'Y', '0000-00-00', '2022-12-30 06:52:42', '1'),
(26, 'adminppg', '2bb6d06b50caad0da5956750d2ddeccb', 'Admin PPG', 'sertifikasiguru@uad.ac.id', 'Tidak ada file', 'ppg', 'Y', '0000-00-00', '2023-01-03 09:05:46', '1'),
(27, 'adminmbk', '202cb962ac59075b964b07152d234b70', 'Admin MBK/S2BK', 'mbk@gmail.com', 'Tidak ada file', 'mbk', 'Y', '0000-00-00', NULL, '1'),
(28, 'adminmpmat', '202cb962ac59075b964b07152d234b70', 'Admin MPMAT', 'mpmat@gmail.com', 'Tidak ada file', 'mpmat', 'Y', '0000-00-00', NULL, '1'),
(29, 'adminmp', '7d6d90e226e668a4ec626903f77ed8b6', 'Admin MP', 'pasca@mp.uad.ac.id', 'foto1672385963.jpg', 'mp', 'Y', '0000-00-00', '2022-12-30 07:39:23', '1'),
(30, 'adminmpbi', '202cb962ac59075b964b07152d234b70', 'Admin MPBI', 'mpbi@gmail.com', 'Tidak ada file', 'mpbi', 'Y', '0000-00-00', NULL, '1'),
(31, 'adminmpfis', '202cb962ac59075b964b07152d234b70', 'Admin MPFIS', 'mpfis@gmail.com', 'Tidak ada file', 'mpfis', 'Y', '0000-00-00', NULL, '1'),
(32, 'adminmpgv', '202cb962ac59075b964b07152d234b70', 'Admin MPGV', 'mpgv@gmail.com', 'Tidak ada file', 'mpgv', 'Y', '0000-00-00', NULL, '1'),
(33, 'dekan', '202cb962ac59075b964b07152d234b70', 'Dekan FKIP UAD', 'dekanfkipuad@gmail.com', 'Tidak ada file', 'user', 'Y', '0000-00-00', NULL, '1'),
(36, 'wadek2', 'bdfcae4f1ee936253f904c0ce4da018c', 'Dr. Ani Susanti, M.Pd.B.I.', 'wadek@example.com', 'foto1672367755.jpg', 'user', 'Y', '0000-00-00', '2022-12-30 02:35:59', '1'),
(37, 'dekanfkip', 'f9fc7a9d6669dd628490f1b2af233179', 'Muhammad Sayuti, S.Pd., M.Pd., M.Ed., Ph.D.', 'muhammad.sayuti@mpgv.uad.ac.id', 'foto1672191626.JPG', 'user', 'Y', '0000-00-00', '2022-12-28 01:40:26', '1'),
(38, 'yuwanto', 'e6d957c35df517972096229378180547', 'Yuwanto', 'yuwanto.yoi@staff.uad.ac.id', 'Tidak ada file', 'user', 'Y', '0000-00-00', NULL, '1'),
(39, 'alqisan', '3fdb5a2f71080bc891c63fcb1df52edc', 'Al Qisan', 'qisan@gmail.com', 'Tidak ada file', 'user', 'Y', '0000-00-00', NULL, '1'),
(40, 'adminsenat', '202cb962ac59075b964b07152d234b70', 'Admin Senat', 'senat@gmail.com', 'Tidak ada file', 'Senat', 'Y', '0000-00-00', NULL, '1');

-- --------------------------------------------------------

--
-- Table structure for table `menu`
--

CREATE TABLE `menu` (
  `id_menu` int(5) NOT NULL,
  `id_parent` int(5) NOT NULL DEFAULT 0,
  `nama_menu` varchar(30) NOT NULL,
  `icon` varchar(30) NOT NULL,
  `link` varchar(100) NOT NULL,
  `aktif` enum('Ya','Tidak') NOT NULL DEFAULT 'Ya',
  `urutan` int(3) NOT NULL,
  `position` enum('Bottom','Top','','') NOT NULL,
  `level` varchar(200) NOT NULL
) ENGINE=MyISAM DEFAULT CHARSET=latin1 COLLATE=latin1_swedish_ci;

--
-- Dumping data for table `menu`
--

INSERT INTO `menu` (`id_menu`, `id_parent`, `nama_menu`, `icon`, `link`, `aktif`, `urutan`, `position`, `level`) VALUES
(18, 0, 'Divisi', 'icon-user fa-fw', 'Divisi', 'Ya', 11, 'Bottom', ''),
(14, 0, 'Tambah Admin', 'icon-user fa-fw', 'Login', 'Ya', 10, 'Bottom', 'admin'),
(15, 0, 'Daftar Kegiatan', 'icon-list  fa-fw', 'Notulen_detail', 'Ya', 2, 'Bottom', 'admin.Senat.user.lab.hdp.ia.kda.kndi.ppdp.ps.pkrpdp.ta.riset.bk.pbi.pbsi.pmat.pfis.ppkn.pbio.pgsd.pgpaud.pvto.pvte.ppg.mbk.mpmat.mp.mpbi.mpfis.mpgv'),
(13, 0, 'Prodi & Tim Kerja', 'icon-screen-desktop  fa-fw', 'Notulen', 'Ya', 1, 'Bottom', 'admin'),
(12, 0, 'Instansi', 'icon-user fa-fw', 'Instansi', 'Ya', 13, 'Bottom', ''),
(22, 0, 'Anggota Prodi', 'icon-people  fa-fw', 'Anggota', 'Ya', 4, 'Bottom', 'admin.Senat.user.lab.riset.bk.pbi.pbsi.pmat.pfis.ppkn.pbio.pgsd.pgpaud.pvto.pvte.ppg.mbk.mpmat.mp.mpbi.mpfis.mpgv'),
(23, 0, 'Buku Tamu', 'icon-close  fa-fw', 'Buku_tamu', 'Ya', 3, 'Bottom', ''),
(24, 0, 'Tim Kerja', 'icon-people  fa-fw', 'Asistensi', 'Ya', 5, 'Bottom', 'admin.user.hdp.ia.kda.kndi.ppdp.ps.pkrpdp.ta'),
(25, 0, 'Menu', 'icon-menu  fa-fw', 'Setting/Menu', 'Ya', 12, 'Bottom', 'admin'),
(26, 0, 'Tamu', 'icon-user-following  fa-fw', 'import', 'Ya', 6, 'Bottom', ''),
(27, 0, 'Absensi', 'icon-user fa-fw', 'Absensi', 'Ya', 9, 'Bottom', ''),
(32, 0, 'Tamu/Peserta Lainya', 'icon-people  fa-fw', 'Lainya', 'Ya', 8, 'Bottom', ''),
(33, 0, 'Staf Majelis', 'icon-people  fa-fw', 'staf', 'Ya', 7, 'Bottom', ''),
(35, 0, 'Semua Aktivitas', 'icon-list  fa-fw', 'Notulen_detail/lihat_semua', 'Ya', 1, 'Bottom', 'admin.Senat.user.lab.hdp.ia.kda.kndi.ppdp.ps.pkrpdp.ta.riset.bk.pbi.pbsi.pmat.pfis.ppkn.pbio.pgsd.pgpaud.pvto.pvte.ppg.mbk.mpmat.mp.mpbi.mpfis.mpgv');

-- --------------------------------------------------------

--
-- Table structure for table `notulen`
--

CREATE TABLE `notulen` (
  `id_notulen` int(15) NOT NULL,
  `agenda` text NOT NULL,
  `id_create` int(15) NOT NULL,
  `start_time` varchar(15) NOT NULL,
  `end_time` varchar(15) NOT NULL,
  `place` varchar(15) NOT NULL,
  `participan` varchar(15) NOT NULL,
  `date_create` date DEFAULT NULL,
  `absensi` varchar(50) NOT NULL,
  `tdd_pimpinan` varchar(60) NOT NULL,
  `no_dokumen` varchar(50) NOT NULL,
  `no_revisi` varchar(50) NOT NULL,
  `notulis` varchar(100) NOT NULL,
  `pimpinan_rapat` varchar(100) NOT NULL,
  `jenis_rapat` varchar(100) NOT NULL,
  `no_agenda` varchar(50) NOT NULL
) ENGINE=InnoDB DEFAULT CHARSET=latin1 COLLATE=latin1_swedish_ci;

--
-- Dumping data for table `notulen`
--

INSERT INTO `notulen` (`id_notulen`, `agenda`, `id_create`, `start_time`, `end_time`, `place`, `participan`, `date_create`, `absensi`, `tdd_pimpinan`, `no_dokumen`, `no_revisi`, `notulis`, `pimpinan_rapat`, `jenis_rapat`, `no_agenda`) VALUES
(9, '(S1) Pendidikan Guru Pendidikan Anak Usia DIni', 3, '01:13', '12:14', 'Kantor Majelis ', 'Peserta', '2021-05-05', 'absensi_1620191738.png', 'absensi_16201917381.png', '3', '3', 'Admin', 'Peserta Majelis', 'Mingguan', '1'),
(10, '(S1) Pendidikan Guru Sekolah Dasar', 3, '10:17', '23:59', 'Kantor Majelis ', 'Peserta', '2021-05-05', 'absensi_1620191930.png', 'absensi_16201919301.png', '2', '2', 'Admin', 'Peserta Majelis', 'Mingguan', '2'),
(11, '(S1) Pendidikan Biologi', 3, '00:31', '12:31', 'Kantor Majelis ', 'Peserta', '2021-05-05', 'absensi_1620192748.png', 'absensi_16201927481.png', '3', '3', 'Admin', 'Peserta Majelis', 'Mingguan', '3'),
(12, '(S1) Pendidikan Fisika', 3, '01:02', '13:02', 'Kantor Majelis ', 'Peserta', '2021-05-05', 'absensi_1620194586.png', 'absensi_16201945861.png', '4', '4', 'Admin', 'Peserta Majelis', 'Mingguan', '4'),
(13, '(S1) Pendidikan Matematika', 3, '02:52', '14:53', 'Kantor Majelis ', 'Peserta', '2021-05-05', 'absensi_1620201220.png', 'absensi_16202012201.png', '5', '5', 'Admin', 'Peserta Majelis', 'Mingguan', '5'),
(14, '(S1) Pendidikan Pancasila dan Kewarganegaraan', 3, '02:53', '23:54', 'Kantor Majelis ', 'Peserta', '2021-05-05', 'absensi_1620201300.png', 'absensi_16202013001.png', '6', '6', 'Admin', 'Peserta Majelis', 'Mingguan', '6'),
(15, '(S1) Pendidikan Bahasa Inggris', 3, '02:55', '23:55', 'Kantor Majelis ', 'Peserta', '2021-05-05', 'absensi_1620201410.png', 'absensi_16202014101.png', '7', '7', 'Admin', 'Peserta Majelis', 'Mingguan', '7'),
(16, '(S1) Pendidikan dan Sastra Indonesia', 3, '02:57', '23:59', 'Kantor Majelis ', 'Peserta', '2021-05-05', 'absensi_1620201516.png', 'absensi_16202015161.png', '8', '8', 'Admin', 'Peserta Majelis', 'Khusus', '8'),
(17, '(S1) Bimbingan Konseling', 3, '01:00', '14:30', 'Kantor Majelis ', 'Tamu', '2021-05-19', 'absensi_1621422523.png', 'absensi_16214225231.png', '5', '5', 'Admin', 'Peserta Majelis', 'Khusus', '5'),
(18, 'Pendidikan Vokasional Teknik Otomotif', 3, '11:30', '11:32', 'Dikti', 'peserta', '2022-09-12', 'absensi_1662957037.pdf', 'absensi_16629570371.pdf', '1', '1', 'Admin', 'Peserta Majelis', 'Umum', '1'),
(19, 'Pendidikan Vokasional Teknik Elektronika', 3, '11:31', '11:37', 'Dikti', 'peserta', '2022-09-12', 'absensi_1662957148.pdf', 'absensi_16629571481.pdf', '1', '1', 'Admin', 'Peserta Majelis', 'Umum', '2'),
(20, 'Program Profesi Guru', 3, '12:42', '12:48', 'Dikti', 'peserta', '2022-09-12', 'absensi_1662961401.pdf', 'absensi_16629614011.pdf', '1', '1', 'Admin', 'Peserta Majelis', 'Umum', '3'),
(21, 'Magister Pendidikan Matematika', 3, '13:06', '13:12', 'Dikti', 'Peserta', '2022-09-12', 'absensi_1662962838.pdf', 'absensi_16629628381.pdf', '1', '1', 'Admin', 'Peserta Majelis', 'Umum', '4'),
(22, 'Magister Pendidikan Bahasa Inggris', 3, '13:07', '13:13', 'Dikti', 'Peserta', '2022-09-12', 'absensi_1662962897.pdf', 'absensi_16629628971.pdf', '1', '1', 'Admin', 'Peserta Majelis', 'Umum', '5'),
(23, 'Magister Pendidikan Fisika', 3, '13:08', '13:14', 'Dikti', 'peserta', '2022-09-12', 'absensi_1662962946.pdf', 'absensi_16629629461.pdf', '1', '1', 'Admin', 'Peserta Majelis', 'Umum', '6'),
(24, 'Magister Manajemen Pendidikan', 3, '13:09', '13:15', 'Dikti', 'peserta', '2022-09-12', 'absensi_1662963007.pdf', 'absensi_16629630071.pdf', '1', '1', 'Admin', 'Peserta Majelis', 'Umum', '6'),
(25, 'Magister Pendidikan Guru Vokasi', 3, '13:11', '13:17', 'Dikti', 'peserta', '2022-09-12', 'absensi_1662963088.pdf', 'absensi_16629630881.pdf', '1', '1', 'Admin', 'Peserta Majelis', 'Umum', '7'),
(26, 'Magister Bimbingan Konseling', 3, '12:14', '12:14', 'Dikti', 'peserta', '2022-11-26', 'absensi_1669439849.pdf', 'absensi_16694398491.pdf', '1', '1', 'Admin', 'Peserta Majelis', 'Umum', '20'),
(27, 'Tim Kerja Humas dan Promosi', 3, '12:28', '12:28', 'Dikti', 'a', '2022-11-26', 'absensi_1669440534.pdf', 'absensi_16694405341.pdf', '1', '1', 'Admin', 'Peserta Majelis', 'Umum', '21'),
(28, 'Tim Kerja Implementasi AIK', 3, '12:32', '12:32', 'Dikti', 'a', '2022-11-26', 'absensi_1669440766.pdf', 'absensi_16694407661.pdf', '1', '1', 'Admin', 'Peserta Majelis', 'Umum', '22'),
(29, 'Tim Kerja Kemahasiswaan dan Alumni', 3, '12:33', '12:33', 'Dikti', 'a', '2022-11-26', 'absensi_1669440817.pdf', 'absensi_16694408171.pdf', '1', '1', 'Admin', 'Peserta Majelis', 'Umum', '23'),
(30, 'Tim Kerja Kerjasama Nasional dan Internasional', 3, '12:34', '12:34', 'Dikti', 'a', '2022-11-26', 'absensi_1669440876.pdf', 'absensi_16694408761.pdf', '1', '1', 'Admin', 'Peserta Majelis', 'Umum', '24'),
(31, 'Tim Kerja Pengembangan Pendidikan dan Pembelajaran', 3, '12:35', '12:35', 'Dikti', 'a', '2022-11-26', 'absensi_1669440929.pdf', 'absensi_16694409291.pdf', '1', '1', 'Admin', 'Peserta Majelis', 'Umum', '25'),
(32, 'Tim Kerja Pengembangan SDM', 3, '12:43', '12:43', 'Dikti', 'a', '2022-11-26', 'absensi_1669441440.pdf', 'absensi_16694414401.pdf', '1', '1', 'Admin', 'Peserta Majelis', 'Umum', '26'),
(33, 'Tim Kerja Percepatan Kinerja Penelitian, Pengabdian dan Publikasi', 3, '12:45', '12:45', 'Dikti', 'a', '2022-11-26', 'absensi_1669441521.pdf', 'absensi_16694415211.pdf', '1', '1', 'Admin', 'Peserta Majelis', 'Umum', '27'),
(34, 'Tim Akreditasi', 3, '12:47', '12:48', 'Dikti', 'a', '2022-11-26', 'absensi_1669441698.pdf', 'absensi_16694416981.pdf', '1', '1', 'Admin', 'Peserta Majelis', 'Umum', '28'),
(37, 'Dekanat', 3, '', '', '', '', NULL, '', '', '', '', '', '', '', ''),
(39, 'Laboratorium', 3, '', '', '', '', NULL, '', '', '', '', '', '', '', ''),
(40, 'Senat', 3, '', '', '', '', NULL, '', '', '', '', '', '', '', '');

-- --------------------------------------------------------

--
-- Table structure for table `notulen_detail`
--

CREATE TABLE `notulen_detail` (
  `id_not_detail` int(15) NOT NULL,
  `id_notulen` int(15) NOT NULL,
  `issue` text NOT NULL,
  `tanggal_mulai` date NOT NULL,
  `tanggal_selesai` varchar(50) NOT NULL,
  `waktu_mulai` varchar(50) DEFAULT NULL,
  `waktu_selesai` varchar(50) DEFAULT NULL,
  `tempat` varchar(50) NOT NULL,
  `jenis_kegiatan` varchar(50) NOT NULL,
  `catatan` text DEFAULT NULL,
  `foto` text DEFAULT NULL,
  `undangan` text DEFAULT NULL,
  `jumlah` int(20) DEFAULT NULL,
  `status` varchar(50) NOT NULL,
  `date_created` date NOT NULL
) ENGINE=InnoDB DEFAULT CHARSET=latin1 COLLATE=latin1_swedish_ci;

--
-- Dumping data for table `notulen_detail`
--

INSERT INTO `notulen_detail` (`id_not_detail`, `id_notulen`, `issue`, `tanggal_mulai`, `tanggal_selesai`, `waktu_mulai`, `waktu_selesai`, `tempat`, `jenis_kegiatan`, `catatan`, `foto`, `undangan`, `jumlah`, `status`, `date_created`) VALUES
(3, 32, 'Workshop Jafung Lektor', '2022-12-24', '2022-12-24', '08:30', '09:30', 'Dekanat ', 'Rapat', 'Notulen_Rapat_Tim_Kerja_SDM_Ani_24_Desember_2022.pdf', '241222.jpg', NULL, 9, 'Y', '2023-01-05'),
(5, 33, 'Koordinasi Perdana Tim Percepatan Penelitian, Pengabdian & Publikasi FKIP UAD', '2022-12-22', '2022-12-22', '12:30', '14:00', 'Dekanat ', 'Rapat', '22_Desember_2022_Riset,_Publikasi_dan_Pengabdian.pdf', 'WhatsApp Image 2022-12-28 at 08_22_30.jpeg', NULL, 14, 'Y', '2023-01-04'),
(6, 27, 'Pelatihan Penulisan Berita', '2022-12-29', '2022-12-29', '13:00', '15:00', 'Lab. Multimedia Lantai 6', 'Pelatihan', 'Tidak ada file', 'Tidak ada file', NULL, 15, 'N', '2022-12-29'),
(7, 28, 'Koordinasi Survey Kemuhammadiyahan Tim AIK', '2022-12-30', '2022-12-30', '08:00', '09:00', 'Dekanat ', 'Rapat', 'Hasil Rapat Tim AIK 241122.docx', 'WhatsApp Image 2022-12-30 at 08_45_58.jpeg', NULL, 7, 'N', '2022-12-30'),
(9, 28, 'PERKEMBANGAN LOMBA & SURVEY KEMUHAMMADIYAHAN', '2022-12-22', '2022-12-22', '16:00', '17:00', 'Dekanat ', 'Rapat', 'Hasil Rapat Tim AIK 221222.docx', 'WhatsApp Image 2022-12-30 at 08_45_58.jpeg', NULL, 7, 'N', '2022-12-30'),
(10, 28, 'PERSIAPAN LOMBA DARI TIM AIK', '2022-12-08', '2022-12-08', '08:00', '09:00', 'Dekanat ', 'Rapat', 'Hasil Rapat Tim AIK 081222.docx', 'WhatsApp Image 2022-12-30 at 10_33_22.jpeg', NULL, 10, 'N', '2022-12-30'),
(11, 28, 'Koordinasi TIM AIK FKIP UAD', '2022-11-15', '2022-11-15', '13:00', '14:00', 'Dekanat ', 'Rapat', 'Result Meeting Tim AIK 151122.docx', 'WhatsApp Image 2022-12-30 at 10_44_23.jpeg', NULL, 7, 'N', '2022-12-30'),
(12, 32, 'Koordinasi Tim SDM FKIP UAD', '2022-11-23', '2022-11-23', '09:00', '10:00', 'Dekanat ', 'Rapat', 'Notulen Rapat Tim SDM 23 Nov 22.docx', '231122.jpg', NULL, 9, 'Y', '2022-12-30'),
(13, 32, 'Program Pengembangan SDM', '2022-12-09', '2022-12-09', '13:00', '14:00', 'Dekanat ', 'Rapat', 'NOTULEN_RAPAT_09_12_22.doc', '091222.jpg', NULL, 7, 'Y', '2022-12-30'),
(14, 32, 'Persiapan Sosialisasi Jafung', '2022-12-16', '2022-12-16', '19:30', '00:00', 'Daring', 'Rapat', 'NOTULEN_RAPAT_16_12_22.doc', '161222_(1).png', NULL, 8, 'Y', '2022-12-30'),
(17, 29, 'Koordinasi Tim Kemahasiswaan FKIP', '2022-12-17', '2022-12-17', '10:00', '11:00', 'Dekanat ', 'Rapat', '17_Desember-_Presensi_Kemahasiswaan.pdf', 'WhatsApp Image 2022-12-30 at 11_21_45.jpeg', NULL, 11, 'Y', '2022-12-30'),
(18, 29, 'Koordinasi Tim Kemahasiswaan\r\nFKIP', '2022-12-22', '2022-12-22', '14:00', '15:00', 'Dekanat ', 'Rapat', '22_Desember_22_Hasil_Rapat_Tim_Kemahasiswaan_Alumni.pdf', 'Tidak ada file', NULL, 9, 'Y', '2022-12-30'),
(19, 37, 'Sosialisasi Sistem Informasi Notulensi FKIP UAD', '2022-12-30', '2022-12-30', '13:00', '14:00', 'Lab. Multimedia Lantai 6', 'Pelatihan', 'Tidak ada file', 'ECBE95EB-2FEA-4AC2-B429-0ED2FF0310EB.jpeg', NULL, 12, 'N', '2022-12-30'),
(20, 28, 'RAPAT RUTIN TIM AIK FKIP', '2022-11-03', '2022-11-03', '08:00', '09:00', 'Dekanat FKIP Lnt.7 Kampus 4 UAD', 'Rapat', 'Hasil Rapat Tim AIK 031122.docx', 'WhatsApp Image 2022-12-30 at 13_11_59.jpeg', NULL, 5, 'N', '2022-12-30'),
(21, 37, 'RAPAT RUTIN DEKANAT FKIP UAD', '2022-11-28', '2022-11-28', '16:00', '17:00', 'Dekanat FKIP Lnt.7 Kampus 4 UAD', 'Rapat', 'Hasil Rapat Dekanat 281122.docx', 'WhatsApp Image 2022-12-30 at 13_36_29.jpeg', NULL, 5, 'N', '2022-12-30'),
(24, 37, 'RAPAT RUTIN DEKANAT FKIP UAD', '2022-12-26', '2022-12-26', '16:00', '17:00', 'Dekanat FKIP Lnt.7 Kampus 4 UAD', 'Rapat', 'Hasil Rapat Dekanat 261222.docx', 'WhatsApp Image 2022-12-30 at 13_44_57 (1).jpeg', NULL, 5, 'N', '2022-12-30'),
(26, 30, 'Rapat Koordinasi Tim Kerjasama', '2022-12-29', '2022-12-29', '08:00', '09:30', 'Dekanat ', 'Rapat', 'notulensi rapat tgl 29 desember 2022.docx', 'WhatsApp Image 2022-12-29 at 08_50_59.jpeg', NULL, 6, 'N', '2022-12-31'),
(27, 16, 'Rapat Persiapan Perkuliahan Genap 2021/2022', '2022-01-31', '2022-01-31', '10:00', '11:30', 'Ruang Dosen PBSI LT. 7', 'Rapat', '1__NOTULEN_RAPAT_PERSIAPAN_PERKULIAHAN_KULIAH_SEMESTER_GENAP_TA_2021_2022.pdf', 'foto_zoom.jpg', NULL, 18, 'N', '2023-01-02'),
(28, 16, 'Rapat Persiapan UTS Genap 2021/2022', '2022-05-13', '2022-05-13', '09:00', '10:30', 'Daring ', 'Rapat', '3__NOTULEN_RAPAT_PERSIAPAN_UTS_GENAP_2021_2022.pdf', 'Tidak ada file', NULL, 21, 'N', '2023-01-02'),
(29, 27, 'Koordinasi Promosi FKIP UAD', '2022-11-16', '2022-11-16', '10:00', '11:00', 'Dekanat FKIP Lnt.7 Kampus 4 UAD', 'Rapat', 'Hasil_Rapat_Tim_Humas_Promosi_161122.pdf', 'Tidak ada file', NULL, 9, 'N', '2023-01-02'),
(30, 16, 'Rapat Persiapan Perkuliahan Semester Gasal 2022/2023', '2023-01-02', '2023-01-02', '10:30', '11:30', 'Ruang Dosen PBSI Lt. 7', 'Rapat', '1__NOTULEN_RAPAT_PERSIAPAN_KULIAH_SEMESTER_GASAL_2022_2023.pdf', 'Tidak ada file', NULL, 16, 'N', '2023-01-02'),
(31, 16, 'Rapat Pesrsiapan UTS Gasal 2022/2023', '2022-11-03', '2022-11-03', '13:00', '14:00', 'Ruang Dosen PBSI LT. 7', 'Rapat', '2__NOTULEN_RAPAT_PERSIAPAN_UTS_GASAL_2022_2023.pdf', 'Tidak ada file', NULL, 18, 'N', '2023-01-02'),
(32, 12, 'Persiapan Promosi ke SMA N 1 Godean', '2022-12-30', '2022-12-30', '08:00', '09:00', ' SmartPhysics Classroom kampus 4 UAD', 'Rapat', 'Rapat_Promosi_2023_(1).pdf', 'Tidak ada file', NULL, 4, 'N', '2023-01-02'),
(33, 17, 'Penyusunan Laporan Akhir PKKM 2022', '2022-12-31', '2022-12-31', '10:00', '18:00', 'Daring', 'Rapat', 'Penyusunan_Laporan_Akhir_PKKM.pdf', 'WhatsApp_Image_2023-01-03_at_08_28_54.jpeg', NULL, 9, 'Y', '2023-01-03'),
(34, 12, 'Rapat Persiapan Festival Fisika UAD dan Promosi Prodi', '2022-11-30', '2022-11-30', '07:30', '08:30', 'Ruang Amphitarium lantai 9 Gedung Utama kampu 4 UA', 'Rapat', 'FESTIVAL_FISIKA_2022.pdf', 'Tidak ada file', NULL, 17, 'N', '2023-01-03'),
(35, 37, 'RAPAT RUTIN DEKANAT 020123', '2023-01-02', '2023-01-02', '16:00', '17:00', 'Dekanat FKIP Lnt.7 Kampus 4 UAD', 'Rapat', 'Hasil_Rapat_Dekanat_020123.pdf', 'WhatsApp_Image_2023-01-02_at_16_05_00_(1).jpeg', NULL, 4, 'N', '2023-01-03'),
(36, 25, 'Rapat Rutin', '2022-12-29', '2022-12-29', '09:00', '11:30', 'Isi nama tempat ', 'Rapat', 'IMG20221229100024.pdf', 'IMG20221229100024.jpg', NULL, 8, 'N', '2023-01-03'),
(37, 25, 'Rapat Rutin', '2022-12-20', '2022-12-20', '21:00', '11:30', 'Isi nama tempat ', 'Rapat', 'Tidak ada file', 'IMG20221220095455.jpg', NULL, 9, 'N', '2023-01-03'),
(38, 37, 'RAPAT RUTIN DEKANAT FKIP UAD 191222', '2022-12-19', '2022-12-19', '16:00', '17:00', 'Dekanat FKIP Lnt.7 Kampus 4 UAD', 'Rapat', 'Hasil_Rapat_Dekanat_191222.pdf', 'WhatsApp_Image_2022-12-30_at_13_59_21.jpeg', NULL, 6, 'N', '2023-01-03'),
(39, 12, 'Rapat Persiapan Ujian Tengah Semester Gasal 2023', '2022-11-02', '2022-11-02', '07:30', '08:30', 'Ruang virtual googlemeeting', 'Rapat', 'NOTULEN_RAPAT_UTS_2022_2023_(1).pdf', 'Tidak ada file', NULL, 16, 'N', '2023-01-05'),
(40, 12, 'Rapat Pembagian Pembimbing Skripsi, Ide Promosi Prodi, dan AMI', '2023-01-07', '2023-01-07', '08:00', '09:00', 'Ruang virtual googemeeting', 'Rapat', 'NOTULEN_RAPAT_Pembagian_mahasiswa_bimbingan_skripsi_(1).pdf', 'rapat_pemb_skripsi.png', NULL, 16, 'N', '2023-01-07'),
(41, 37, 'PEMBAHASAN AGENDA PRIORITAS DEKANAT', '2022-11-16', '2022-11-16', '16:00', '17:00', 'Dekanat FKIP Lnt.7 Kampus 4 UAD', 'Rapat', 'Hasil_Rapat_16_November_2022.pdf', 'WhatsApp_Image_2023-01-03_at_09_57_16_(1).jpeg', NULL, 5, 'N', '2023-01-03'),
(42, 37, 'Pemilihan Kaprodi S1 FKIP dan \r\nRTL AMI', '2022-12-03', '2022-12-03', '16:00', '17:00', 'Dekanat FKIP Lnt.7 Kampus 4 UAD', 'Rapat', 'Hasil_Rapat_Dekanat_3_Desember_2022.pdf', 'WhatsApp_Image_2023-01-03_at_10_47_44.jpeg', NULL, 5, 'N', '2023-01-03'),
(43, 24, 'Audiensi inisiasi kerjasama dengan PDM Kab Wonosobo', '2023-01-03', '2023-01-03', '13:00', '15:00', 'Daring', 'Rapat', 'Notulen_Rapat_3_Januari_2023.pdf', 'WhatsApp_Image_2023-01-03_at_14_03_26.jpeg', NULL, 7, 'Y', '2023-01-03'),
(44, 37, 'Koordinasi Promosi S-2 FKIP UAD', '2023-01-03', '2023-01-03', '13:00', '15:00', 'Ruang Lab. Multimedia FKIP UAD', 'Rapat', 'Hasil_Rapat_Promosi_S-2_FKIP_UAD.pdf', 'WhatsApp_Image_2023-01-03_at_14_21_55.jpeg', NULL, 9, 'N', '2023-01-03'),
(45, 34, 'RTM FKIP UAD', '2022-12-10', '2022-12-10', '08:00', '00:00', 'Daring', 'Rapat', 'NOTULEN_RTM_AMI_UPPS_22_-_101222.pdf', 'NOTULEN_RTM_AMI_UPPS_22_-_101222_-.png', NULL, 28, 'Y', '2023-01-03'),
(46, 20, '1. Serah Terima Kaprodi PPG\r\n2. Persiapan Pelepasan Mahasiswa PPG Dalam Jabatan Kategori 1 Tahun 2022', '2023-01-03', '2023-01-03', '12:30', '16:00', 'Eastparc Hotel', 'Rapat', 'Und_03_Koordinasi_PPG_Eastparc1.pdf', 'Tidak ada file', NULL, 1, 'N', '2023-01-03'),
(47, 32, 'Sosialisasi dan Komitmen Pengembangan Karir Akademik Dosen dari AA ke Lektor', '2022-12-17', '2022-12-17', '12:30', '14:30', 'Aula Islamic Center', 'Pembinaan', 'Notulen_17_12_22_Full.pdf', '4.jpeg', NULL, 7, 'Y', '2023-01-05'),
(49, 23, 'Rapat Persiapan Promosi S2 Pfis', '2023-01-04', '2023-01-04', '09:00', '10:00', 'S2 Pfis dan Zoom', 'Rapat', 'Tidak ada file', 'WhatsApp_Image_2023-01-04_at_09_58_56.jpeg', NULL, 8, 'N', '2023-01-04'),
(50, 23, 'Rapat Persiapan Penerimaan Mahasiswa Baru', '2023-01-02', '2023-01-02', '11:00', '11:45', 'S2 PFIS', 'Rapat', 'Rapat_2_Januari.pdf', 'Tidak ada file', NULL, 4, 'N', '2023-01-04'),
(51, 23, 'Sosialisasi S1 dan S2 PFIS di SMAN 1 Godean', '2023-01-04', '2023-01-04', '07:00', '10:30', 'SMAN 1 Godean', 'Kunjungan', 'Tidak ada file', 'Tidak ada file', NULL, 1, 'N', '2023-01-04'),
(52, 23, 'Rapat Persiapan PMB S2 di FKIP', '2023-01-03', '2023-01-03', '13:00', '14:45', 'Dekanat ', 'Rapat', 'Tidak ada file', 'Tidak ada file', NULL, 1, 'N', '2023-01-04'),
(53, 23, 'Rapat Pembuatan Flyer Prodi dan Profil Laboratorium S2 Pfis', '2023-01-03', '2023-01-03', '08:00', '10:45', 'Lab S2 Pfis', 'Rapat', 'Tidak ada file', 'Tidak ada file', NULL, 2, 'N', '2023-01-04'),
(54, 23, 'Pengambilan Foto untuk profil Laboratorium', '2023-01-04', '2023-01-04', '07:30', '09:00', 'Lab S2 Pfis', 'Rapat', 'Tidak ada file', 'Tidak ada file', NULL, 2, 'N', '2023-01-04'),
(55, 23, 'Rapat persiapan pameran bersama pp muhammadiyah', '2023-01-03', '2023-01-03', '09:00', '10:00', 'zoom lppm uad', 'Rapat', 'Tidak ada file', 'Tidak ada file', NULL, 1, 'N', '2023-01-04'),
(56, 23, 'Rapat persiapan pameran bersama PP MUhammadiyah', '2023-01-04', '2023-01-04', '10:00', '11:00', 'ruang prodi S2 PFis ', 'Rapat', 'PEMELIHARAAN_IKAN_HIAS_DI_KAWASAN_TANAH_WAKAF_PWM_Yogyakarta.pdf', 'WhatsApp_Image_2023-01-04_at_11_04_27.jpeg', NULL, 4, 'N', '2023-01-04'),
(57, 23, 'Pengisian SKP', '2023-01-04', '2023-01-04', '08:00', '09:10', 'TU FKIP', 'Pendampingan', 'Tidak ada file', 'Tidak ada file', NULL, 1, 'N', '2023-01-04'),
(58, 23, 'RAPAT PERSIAPAN PELATIHAN DENGAN GURU-GURU MGMP FISIKA MA SE DIY DALAM RANGKA PROMOSI PRODI', '2023-01-05', '2023-01-05', '05:45', '06:30', 'Daring', 'Rapat', 'PELATIHAN_DENGAN_GURU_MA_SE_DIY.pdf', 'Tidak ada file', NULL, 3, 'N', '2023-01-05'),
(59, 37, 'Workshop Perkembangan Data Notulensi', '2023-01-04', '2023-01-04', '08:00', '09:00', 'Dekanat FKIP Lnt.7 Kampus 4 UAD', 'Rapat', 'Hasil_Rapat_Tim_Admin.pdf', 'WhatsApp_Image_2023-01-04_at_09_33_51.jpeg', NULL, 9, 'N', '2023-01-05'),
(60, 16, 'Rapat Persiapan UAS Gasal 2022-2023', '2023-01-04', '2023-01-04', '11:00', '12:00', 'Ruang Dosen PBSI LT. 7', 'Rapat', '1__NOTULEN_PERSIAPAN_UAS_GASAL_JANUARI_2023.pdf', 'pesiapan_UAS.jpeg', NULL, 20, 'N', '2023-01-05'),
(61, 16, 'Rapat Pembagian Matakuliah Semester Genap 2022-2023', '2023-01-04', '2023-01-04', '12:00', '12:30', 'Ruang Dosen PBSI LT. 7', 'Rapat', '2__NOTULEN_RAPAT_PEMBAGIAN_MATA_KULIAH_SEM_GENAP_2022_2023.pdf', 'Pembagian_Matakuliah_genap_22.jpeg', NULL, 20, 'N', '2023-01-05'),
(62, 32, 'Rakor Tim SDM: Workshop Jafung Lektor', '2023-01-05', '2023-01-05', '07:30', '08:30', 'Dekanat ', 'Rapat', 'Notulen_5_1_23_Full.pdf', 'IMG-20230105-WA0010.jpg', NULL, 12, 'Y', '2023-01-05'),
(63, 16, 'Rapat TIM Medsos dan Promosi Prodi PBSI', '2023-01-04', '2023-01-04', '13:00', '14:00', 'Ruang Dosen PBSI LT. 7', 'Rapat', '3_NOTULEN_RAPAT_MEDSOS_PROMOSI_PBSI.pdf', '3__TIM_Medsos_PBSI.jpeg', NULL, 12, 'N', '2023-01-05'),
(64, 14, 'Rapat Persiapan Ujian Tengah Semester Gasal 2022/2023', '2022-11-05', '2022-11-05', '13:00', '14:00', 'Daring', 'Rapat', 'Persiapan_UTS_Gasal_20222023.pdf', 'Foto_Rapat_Persiapan_UTS_Gasal_20222023_page-0001.jpg', NULL, 13, 'N', '2023-01-05'),
(65, 14, 'Rapat Persiapan Perkuliahan Semester Genap 2021/2022', '2022-03-10', '2022-03-10', '10:00', '12:00', 'Daring', 'Rapat', 'Persiapan_Kuliah_Sem__Genap_20212022.pdf', 'Foto_Persiapan_Kuliah_Semester_Genap_20212022_page-0001.jpg', NULL, 15, 'N', '2023-01-05'),
(66, 14, 'Rapat Persiapan UTS Semester Genap 2021/2022', '2022-05-12', '2022-05-12', '10:00', '12:00', 'Daring', 'Rapat', 'Persiapan_UTS_Genap_20212022.pdf', 'Foto_Persiapan_UTS_Genap_20212022_page-0001.jpg', NULL, 12, 'N', '2023-01-05'),
(67, 14, 'Rapat Persiapan UAS Genap 20212022', '2022-07-20', '2022-07-20', '13:00', '14:00', 'Lab PPKn', 'Rapat', 'Persiapan_UAS_Genap_20212022.pdf', 'Foto_Persiapan_UTS_Genap_20212022_page-00011.jpg', NULL, 7, 'N', '2023-01-05'),
(68, 12, 'Persiapan Prodi Pendidikan Fisika menghadapi Assessmen Lapangan LAMDIK', '2022-10-03', '2022-10-03', '08:00', '09:30', 'LTPS UAD', 'Rapat', 'NOTULEN_RAPAT_Persiapan_AL.pdf', 'Tidak ada file', NULL, 14, 'N', '2023-01-05'),
(69, 12, 'Kunjungan mahasiswa dan dosen Universitas Siliwangi', '2022-11-08', '2022-11-08', '08:00', '11:00', 'Ruang Amphitarium lantai 9 Gedung Utama kampu 4 UA', 'Seminar', 'NOTULEN_RAPAT_Siliwangi_(1).pdf', 'Tidak ada file', NULL, 11, 'N', '2023-01-05'),
(70, 37, 'Riset Memahami Mahasiswa FKIP', '2022-09-14', '2022-09-14', '08:00', '09:00', 'Ruang Dekanat FKIP Lt 7 dan Zoom Meeting', 'Rapat', '14_September_Riset_Memahami_Mahasiswa_FKIP_docx.pdf', 'WhatsApp_Image_2022-12-30_at_11_21_45.jpeg', NULL, 13, 'N', '2023-01-05'),
(71, 37, 'Riset Memahami Karakteristik Mahasiswa FKIP', '2023-01-05', '2023-01-05', '00:00', '00:00', 'Dekanat FKIP Lt 7 dan Zoom ', 'Rapat', '23_September_2022_Riset_Memahami_MHS.pdf', 'Tidak ada file', NULL, 9, 'N', '2023-01-05'),
(72, 37, 'Riset Memahami Mahasiswa FKIP', '2022-10-03', '2022-10-03', '09:00', '13:00', 'Dekanat FKIP ', 'Rapat', '3_Oktober_2022_Tim_Riset_Memahami_Mahasiswa_FKIP.pdf', 'WhatsApp_Image_2023-01-05_at_10_18_00.jpeg', NULL, 12, 'N', '2023-01-05'),
(73, 37, 'Riset Memahami Mahasiswa FKIP', '2022-10-27', '2022-10-27', '09:00', '13:00', 'Dekanat FKIP dan Zoom Meeting', 'Rapat', '27_Oktober_2022_Tim_Riset_Memahami_MHS_FKIP.pdf', 'WhatsApp_Image_2022-10-03_at_09_31_18.jpeg', NULL, 11, 'N', '2023-01-05'),
(74, 37, 'Riset Memahami Mahasiswa FKIP', '2022-11-22', '2022-11-22', '13:00', '15:00', 'Dekanat FKIP Lt 7 dan Zoom Meeting', 'Rapat', '22_November_2022_TIm_Riset_Memahami_MHS.pdf', 'Tidak ada file', NULL, 8, 'N', '2023-01-05'),
(75, 37, 'Riset Memahami Mahasiswa FKIP', '2022-11-28', '2022-11-28', '13:00', '14:00', 'Dekanat LT 7 dan Zoom Meeting', 'Rapat', '28_November_2022_Tim_Riset_Memahami_MHS_FKIP.pdf', 'Tidak ada file', NULL, 11, 'N', '2023-01-05'),
(76, 9, 'Koordinasi', '2023-01-05', '2023-01-05', '11:00', '13:00', 'Dekanat ', 'Rapat', 'IMG20230105130645.jpg', 'IMG20230105115939.jpg', NULL, 6, 'N', '2023-01-06'),
(77, 17, 'Rapat Koordinasi Pelepasan Wisuda Mahasiswa FKIP Periode Januari 2023', '2023-01-05', '2023-01-05', '08:00', '10:00', 'Lab. Multimedia FKIP', 'Rapat', 'Pelepasan_Wisuda_FKIP_Periode_2023.pdf', 'WhatsApp_Image_2023-01-05_at_09_30_31.jpeg', NULL, 22, 'Y', '2023-01-06'),
(78, 12, 'Forum Group Discussion Praktikum Fisika di Sekolah', '2023-01-07', '2023-01-07', '13:00', '15:00', 'Ruang virtual googemeeting', 'Workshop', 'NOTULEN_RAPAT_Materi_open_lab_(1).pdf', '146628383_428840055199176_5467687752449046729_n.jpg', NULL, 8, 'N', '2023-01-07'),
(79, 23, 'Rapat promosi dengan MGMP Fisika MA se DIY dan MGMP IPA Kab. Magelang', '2023-01-06', '2023-01-06', '10:30', '11:20', 'Ruang Prodi S2 PFis ', 'Rapat', 'Tidak ada file', 'WhatsApp_Image_2023-01-06_at_11_17_11.jpeg', NULL, 3, 'N', '2023-01-06'),
(80, 15, 'Pembahasan Permohonan Studi Lanjut S3 Dosen PBI', '2023-01-06', '2023-01-06', '09:00', '10:00', 'Zoom', 'Rapat', 'Undangan_Pembahasan_Permohonan_Studi_Lanjut S3 Dosen PBI.pdf', 'Tidak ada file', NULL, 19, 'Y', '2023-01-06'),
(81, 9, 'Pisah sambut kaprodi lama dan kaprodi baru', '2023-01-06', '2023-01-06', '12:30', '16:00', 'Dekanat ', 'Rapat', 'Tidak ada file', 'IMG-20230107-WA0002.jpg', NULL, 18, 'N', '2023-01-06'),
(82, 13, 'Rapat Pembagian Tugas Mengajar Semester Genap Tahun 2022 dan Serah Terima Jabatan Kaprodi', '2023-01-02', '2023-01-02', '13:00', '15:00', 'Warung Pohon Omah Sawah ', 'Rapat', 'Tidak ada file', 'Tidak ada file', NULL, 19, 'N', '2023-01-07'),
(83, 10, 'Rapat Persiapan UAS GASAL 2022/2023', '2023-01-07', '2023-01-07', '13:00', '14:30', 'Daring', 'Rapat', '05-Undangan_Rapat_UAS_Gasal_2022.pdf', 'IMG-20230107-WA0006.jpg', NULL, 33, 'N', '2023-01-07'),
(84, 32, 'TOT Pendamping Workshop Inkubasi Asisten Ahli ke Lektor', '2023-01-07', '2023-01-07', '08:30', '10:00', 'Dekanat ', 'Pelatihan', 'NOTULEN_TOT_07_01_23.pdf', 'IMG-20230107-WA0017.jpg', NULL, 10, 'Y', '2023-01-07'),
(85, 11, 'Persiapan UAS Ganjil 2022/2023', '2023-01-06', '2023-01-06', '09:00', '11:00', 'Daring', 'Rapat', 'und-daftar_hadir-notulen.pdf', 'Rapat_1.jpeg', NULL, 16, 'N', '2023-01-09'),
(86, 12, 'Rapat Persiapan UAS dan Evaluasi perkuliahan semester ganjil 2022/2023', '2023-01-16', '2023-01-16', '13:00', '14:00', 'Ruang virtual googlemeeting', 'Rapat', 'NOTULEN_RAPAT_UAS_2022_2023.pdf', 'foto_uas.png', NULL, 11, 'N', '2023-01-16'),
(87, 37, 'Rapat Rutin Dekanat FKIP UAD', '2023-01-09', '2023-01-09', '16:00', '17:00', 'Dekanat FKIP Lnt.7 Kampus 4 UAD', 'Rapat', 'Hasil_Rapat_Dekanat_9_Januari_2023.pdf', 'WhatsApp_Image_2023-01-10_at_21_35_53.jpeg', NULL, 7, 'N', '2023-01-10'),
(88, 22, 'Sosialisasi Perkuliahan Semester Gasal TA 2022/2023', '2022-09-19', '2022-09-19', '13:00', '15:00', 'Ruang 2.1.108', 'Pembinaan', 'Notulen,_19_September_2022.pdf', '19_September_2022.jpg', NULL, 7, 'N', '2023-01-11'),
(89, 22, 'Rapat Kerja Prodi, TA 2022/2023', '2022-10-10', '2022-10-10', '09:00', '15:00', 'R. Sidang Kampus 2A', 'Rapat', 'Notulen_Rapat,_10_Oktober_2022.pdf', 'Tidak ada file', NULL, 9, 'N', '2023-01-11'),
(90, 22, 'Rapat Evaluasi Perkuliahan dan Persiapan UAS Gasal TA 2022/2023', '2023-01-10', '2023-01-10', '13:00', '14:30', 'Daring', 'Rapat', 'Notulen_Rapat,_10_Januari_2023.pdf', '10_Januari_2023.jpg', NULL, 11, 'N', '2023-01-11'),
(91, 13, 'APR Soal UAS Gasal Tahun Ajaran 2022/2023', '2023-01-11', '2023-01-11', '09:00', '10:15', 'Lab Teknologi Pembelajaran P Mat lt 5 Lab terpadu', 'Rapat', 'Tidak ada file', 'Foto_Rapat_APR_Soal_UAS_Gasal_2022_P_Mat.jpeg', NULL, 14, 'N', '2023-01-11'),
(92, 21, 'Rapat Koordinasi Persiapan UAS Gasal 2022/2023', '2023-01-11', '2023-01-11', '13:00', '14:30', 'Ruang Rapat MPMAT', 'Rapat', 'NOTULEN_11_Januari_2023_Persiapan_UAS.pdf', 'WhatsApp_Image_2023-01-11_at_13_28_11.jpeg', NULL, 7, 'N', '2023-01-11'),
(93, 17, 'Workshop Penyusunan Jurnal Psikopedagogia', '2023-01-06', '2023-01-06', '13:00', '17:00', 'Lab. BK', 'Workshop', 'Notulen_Workshop_Jurnal_Psikopedagogia.pdf', 'WhatsApp_Image_2023-01-12_at_08_55_15.jpeg', NULL, 7, 'N', '2023-01-12'),
(94, 17, 'Rapat UAS & Lepas Sambut Kepala Laboratorium BK', '2023-01-09', '2023-01-09', '10:00', '12:00', 'R. 4.1.3.16', 'Rapat', 'rapat_UAS_lepas_sambut_kalab.pdf', 'WhatsApp_Image_2023-01-12_at_08_52_09.jpeg', NULL, 20, 'N', '2023-01-12'),
(95, 15, 'Rapat Persiapan UAS, Pembagian Tugas Mengajar dan Serah Terima Kaprodi Tahun 2023', '2023-01-11', '2023-01-11', '09:30', '12:00', 'Lab. Multimedia FKIP UAD', 'Rapat', '11-01-2023_Notulensi_Rapat_Rutin_PBI.pdf', '11-01-2023_Rapat_Rutin.jpeg', NULL, 22, 'Y', '2023-01-12'),
(96, 14, 'Rapat Evaluasi Perkuliahan dan Persiapan UAS Gasal 2022/2023', '2023-01-12', '2023-01-12', '13:00', '14:30', 'Daring', 'Rapat', 'Notulen_Rapat_Persiapan_UAS.pdf', 'Foto_Persiapan_UAS_Gasal_20222023.pdf', NULL, 18, 'N', '2023-01-13'),
(97, 31, 'Rapat Perdana Koordinasi Tim Pendidikan dan Pembelajaran FKIP Universitas Ahmad Dahlan', '2023-01-12', '2023-01-12', '09:00', '10:00', 'SmartPhysics Classroom Pfis', 'Rapat', '12_Januari_2023_Koordinasi_Tim_Pembelajaran.pdf', 'Image.jpeg', NULL, 13, 'Y', '2023-01-13'),
(98, 34, 'Koordinasi Akreditasi LAMDIK Program Studi S-2 Pendidikan Matematika', '2023-01-10', '2023-01-10', '09:00', '11:30', 'Lab. Multimedia FKIP UAD', 'Rapat', '10-1-2023_-_Koordinasi_Akred_s2_pmat.pdf', 'Koordinasi_akrditasi_s2_pmat.jpeg', NULL, 25, 'N', '2023-01-14'),
(99, 15, 'Bimbingan akademik mahasiswa smt 1', '2023-01-14', '2023-01-14', '01:00', '00:00', 'Lab Bahasa', 'Pendampingan', 'Tidak ada file', 'Tidak ada file', NULL, 4, 'N', '2023-01-14'),
(100, 34, 'Rapat Koordinasi Tim Kerja UPPS FKIP Universitas Ahmad Dahlan', '2023-01-11', '2023-01-11', '13:00', '14:30', 'Dekanat ', 'Rapat', '11-01-23_Notulen_Rapat_koordinasi_UPPS.pdf', 'upps_2.jpeg', NULL, 17, 'N', '2023-01-14'),
(101, 15, 'Sarasehan mahasiswa dan dosen PBI UAD', '2023-01-15', '2023-01-15', '09:00', '12:00', 'Daring', 'Pembinaan', 'Tidak ada file', 'sarasehan_2023.jpg', NULL, 10, 'N', '2023-01-16'),
(102, 25, 'Rapat Prodi', '2023-01-16', '2023-01-16', '01:00', '03:00', 'Daring', 'Rapat', 'Notulen_Rapat_16_Januari_2023.pdf', 'Tidak ada file', NULL, 9, 'N', '2023-01-17'),
(103, 37, 'Rapat Rutin Dekanat', '2023-01-16', '2023-01-16', '16:00', '17:00', 'Dekanat FKIP Lnt.7 Kampus 4 UAD', 'Rapat', 'Hasil_Rapat_Dekanat_16_Januari_2023.pdf', 'WhatsApp_Image_2023-01-18_at_09_02_43.jpeg', NULL, 1, 'N', '2023-01-18'),
(104, 19, 'Rapat Persiapan UAS Gasal 2022/2023', '2023-01-19', '2023-01-19', '08:00', '10:00', 'R.102 2B', 'Rapat', 'NOTULEN_RAPAT_PERSIAPAN_UAS_SEMESTER_GASAL_2022-2023_PVTE.pdf', 'WhatsApp_Image_2023-01-11_at_08_05_21.jpeg', NULL, 10, 'N', '2023-01-19'),
(105, 40, 'tes senat', '2023-03-16', '2023-03-16', '01:00', '01:00', 'Daring', 'Rapat', 'Tidak ada file', 'Tidak ada file', 'Tidak ada file', 2, 'N', '2023-03-16');

-- --------------------------------------------------------

--
-- Table structure for table `peserta`
--

CREATE TABLE `peserta` (
  `id_peserta` int(50) NOT NULL,
  `id_not_detail` int(50) NOT NULL,
  `id_anggota` int(50) DEFAULT NULL,
  `id_asistensi` int(50) DEFAULT NULL,
  `id_tamu` int(50) DEFAULT NULL,
  `id_lainya` int(50) DEFAULT NULL,
  `id_staf` int(50) DEFAULT NULL
) ENGINE=InnoDB DEFAULT CHARSET=latin1 COLLATE=latin1_swedish_ci;

--
-- Dumping data for table `peserta`
--

INSERT INTO `peserta` (`id_peserta`, `id_not_detail`, `id_anggota`, `id_asistensi`, `id_tamu`, `id_lainya`, `id_staf`) VALUES
(5, 3, NULL, 154, NULL, 133, NULL),
(6, 3, NULL, 156, NULL, 134, NULL),
(7, 3, NULL, 160, NULL, 135, NULL),
(8, 3, NULL, 164, NULL, NULL, NULL),
(9, 3, NULL, 209, NULL, NULL, NULL),
(10, 3, NULL, 210, NULL, NULL, NULL),
(19, 5, NULL, 169, NULL, NULL, NULL),
(20, 5, NULL, 170, NULL, NULL, NULL),
(21, 5, NULL, 171, NULL, NULL, NULL),
(22, 5, NULL, 172, NULL, NULL, NULL),
(23, 5, NULL, 174, NULL, NULL, NULL),
(24, 5, NULL, 175, NULL, NULL, NULL),
(25, 5, NULL, 176, NULL, NULL, NULL),
(26, 5, NULL, 177, NULL, NULL, NULL),
(27, 5, NULL, 178, NULL, NULL, NULL),
(28, 5, NULL, 179, NULL, NULL, NULL),
(29, 6, 74, 87, NULL, NULL, NULL),
(30, 6, NULL, 132, NULL, 137, NULL),
(31, 6, NULL, NULL, NULL, 138, NULL),
(32, 6, NULL, NULL, NULL, 139, NULL),
(33, 6, NULL, NULL, NULL, 140, NULL),
(34, 6, NULL, NULL, NULL, 141, NULL),
(35, 6, NULL, NULL, NULL, 142, NULL),
(36, 6, NULL, NULL, NULL, 143, NULL),
(37, 6, NULL, NULL, NULL, 144, NULL),
(38, 6, NULL, NULL, NULL, 145, NULL),
(39, 6, NULL, NULL, NULL, 146, NULL),
(40, 6, 68, NULL, NULL, 147, NULL),
(41, 7, NULL, 108, NULL, 148, NULL),
(42, 7, NULL, 109, NULL, NULL, NULL),
(43, 7, NULL, 113, NULL, NULL, NULL),
(44, 7, NULL, 115, NULL, NULL, NULL),
(45, 7, NULL, 208, NULL, NULL, NULL),
(46, 7, NULL, 213, NULL, NULL, NULL),
(52, 9, NULL, 108, NULL, 150, NULL),
(53, 9, NULL, 109, NULL, NULL, NULL),
(54, 9, NULL, 111, NULL, NULL, NULL),
(55, 9, NULL, 115, NULL, NULL, NULL),
(56, 9, NULL, 214, NULL, NULL, NULL),
(57, 9, NULL, 215, NULL, NULL, NULL),
(58, 10, NULL, 108, NULL, 151, NULL),
(59, 10, NULL, 109, NULL, 152, NULL),
(60, 10, NULL, 110, NULL, NULL, NULL),
(61, 10, NULL, 111, NULL, NULL, NULL),
(62, 10, NULL, 112, NULL, NULL, NULL),
(63, 10, NULL, 113, NULL, NULL, NULL),
(64, 10, NULL, 208, NULL, NULL, NULL),
(65, 10, NULL, 214, NULL, NULL, NULL),
(66, 11, NULL, 108, NULL, 153, NULL),
(67, 11, NULL, 109, NULL, NULL, NULL),
(68, 11, NULL, 110, NULL, NULL, NULL),
(69, 11, NULL, 111, NULL, NULL, NULL),
(70, 11, NULL, 208, NULL, NULL, NULL),
(71, 11, NULL, 214, NULL, NULL, NULL),
(72, 12, NULL, 154, NULL, 154, NULL),
(73, 12, NULL, 155, NULL, NULL, NULL),
(74, 12, NULL, 156, NULL, NULL, NULL),
(75, 12, NULL, 158, NULL, NULL, NULL),
(76, 12, NULL, 161, NULL, NULL, NULL),
(77, 12, NULL, 164, NULL, NULL, NULL),
(78, 12, NULL, 209, NULL, NULL, NULL),
(79, 12, NULL, 210, NULL, NULL, NULL),
(80, 13, NULL, 154, NULL, 155, NULL),
(81, 13, NULL, 157, NULL, 156, NULL),
(82, 13, NULL, 158, NULL, NULL, NULL),
(83, 13, NULL, 160, NULL, NULL, NULL),
(84, 13, NULL, 210, NULL, NULL, NULL),
(85, 14, NULL, 154, NULL, 157, NULL),
(86, 14, NULL, 155, NULL, 158, NULL),
(87, 14, NULL, 159, NULL, NULL, NULL),
(88, 14, NULL, 160, NULL, NULL, NULL),
(89, 14, NULL, 161, NULL, NULL, NULL),
(90, 14, NULL, 210, NULL, NULL, NULL),
(104, 17, NULL, 116, NULL, NULL, NULL),
(105, 17, NULL, 118, NULL, NULL, NULL),
(106, 17, NULL, 120, NULL, NULL, NULL),
(107, 17, NULL, 122, NULL, NULL, NULL),
(108, 17, NULL, 123, NULL, NULL, NULL),
(109, 17, NULL, 124, NULL, NULL, NULL),
(110, 17, NULL, 216, NULL, NULL, NULL),
(111, 17, NULL, 217, NULL, NULL, NULL),
(112, 17, NULL, 218, NULL, NULL, NULL),
(113, 17, NULL, 219, NULL, NULL, NULL),
(114, 17, NULL, NULL, NULL, 165, NULL),
(115, 18, NULL, 116, NULL, NULL, NULL),
(116, 18, NULL, 119, NULL, NULL, NULL),
(117, 18, NULL, 120, NULL, NULL, NULL),
(118, 18, NULL, 124, NULL, NULL, NULL),
(119, 18, NULL, 216, NULL, NULL, NULL),
(120, 18, NULL, 217, NULL, NULL, NULL),
(121, 18, NULL, 218, NULL, NULL, NULL),
(122, 18, NULL, 219, NULL, NULL, NULL),
(123, 18, NULL, 220, NULL, NULL, NULL),
(124, 19, 68, NULL, NULL, 166, NULL),
(125, 19, 74, NULL, NULL, 167, NULL),
(126, 19, 78, NULL, NULL, 168, NULL),
(127, 19, 79, NULL, NULL, NULL, NULL),
(128, 19, 82, NULL, NULL, NULL, NULL),
(129, 19, 83, NULL, NULL, NULL, NULL),
(130, 19, 86, NULL, NULL, NULL, NULL),
(131, 19, 88, NULL, NULL, NULL, NULL),
(132, 19, 89, NULL, NULL, NULL, NULL),
(133, 20, NULL, 108, NULL, NULL, NULL),
(134, 20, NULL, 109, NULL, NULL, NULL),
(135, 20, NULL, 110, NULL, NULL, NULL),
(136, 20, NULL, 111, NULL, NULL, NULL),
(137, 20, NULL, 214, NULL, NULL, NULL),
(138, 21, 40, NULL, NULL, 169, NULL),
(139, 21, 60, NULL, NULL, NULL, NULL),
(140, 21, 70, NULL, NULL, NULL, NULL),
(141, 21, 73, NULL, NULL, NULL, NULL),
(147, 24, 68, NULL, NULL, 173, NULL),
(148, 24, 69, NULL, NULL, NULL, NULL),
(149, 24, 70, NULL, NULL, NULL, NULL),
(150, 24, 73, NULL, NULL, NULL, NULL),
(152, 26, NULL, 130, NULL, NULL, NULL),
(153, 26, NULL, 131, NULL, NULL, NULL),
(154, 26, NULL, 132, NULL, NULL, NULL),
(155, 26, NULL, 134, NULL, NULL, NULL),
(156, 26, NULL, 135, NULL, NULL, NULL),
(157, 26, NULL, 137, NULL, NULL, NULL),
(158, 27, 32, NULL, NULL, NULL, NULL),
(159, 27, 33, NULL, NULL, NULL, NULL),
(160, 27, 95, NULL, NULL, NULL, NULL),
(161, 27, 113, NULL, NULL, NULL, NULL),
(162, 27, 120, NULL, NULL, NULL, NULL),
(163, 27, 126, NULL, NULL, NULL, NULL),
(164, 27, 145, NULL, NULL, NULL, NULL),
(165, 27, 148, NULL, NULL, NULL, NULL),
(166, 27, 151, NULL, NULL, NULL, NULL),
(167, 27, 152, NULL, NULL, NULL, NULL),
(168, 27, 154, NULL, NULL, NULL, NULL),
(169, 27, 156, NULL, NULL, NULL, NULL),
(170, 27, 158, NULL, NULL, NULL, NULL),
(171, 27, 159, NULL, NULL, NULL, NULL),
(172, 27, 161, NULL, NULL, NULL, NULL),
(173, 27, 162, NULL, NULL, NULL, NULL),
(174, 27, 171, NULL, NULL, NULL, NULL),
(175, 27, 173, NULL, NULL, NULL, NULL),
(176, 28, 32, NULL, NULL, 175, NULL),
(177, 28, 33, NULL, NULL, 176, NULL),
(178, 28, 95, NULL, NULL, NULL, NULL),
(179, 28, 113, NULL, NULL, NULL, NULL),
(180, 28, 120, NULL, NULL, NULL, NULL),
(181, 28, 126, NULL, NULL, NULL, NULL),
(182, 28, 145, NULL, NULL, NULL, NULL),
(183, 28, 148, NULL, NULL, NULL, NULL),
(184, 28, 149, NULL, NULL, NULL, NULL),
(185, 28, 151, NULL, NULL, NULL, NULL),
(186, 28, 152, NULL, NULL, NULL, NULL),
(187, 28, 154, NULL, NULL, NULL, NULL),
(188, 28, 156, NULL, NULL, NULL, NULL),
(189, 28, 158, NULL, NULL, NULL, NULL),
(190, 28, 159, NULL, NULL, NULL, NULL),
(191, 28, 161, NULL, NULL, NULL, NULL),
(192, 28, 162, NULL, NULL, NULL, NULL),
(193, 28, 171, NULL, NULL, NULL, NULL),
(194, 28, 173, NULL, NULL, NULL, NULL),
(195, 29, NULL, 87, NULL, 177, NULL),
(196, 29, NULL, 88, NULL, 178, NULL),
(197, 29, NULL, 89, NULL, 179, NULL),
(198, 29, NULL, 90, NULL, 180, NULL),
(199, 29, NULL, 91, NULL, NULL, NULL),
(200, 30, 32, NULL, NULL, NULL, NULL),
(201, 30, 33, NULL, NULL, NULL, NULL),
(202, 30, 95, NULL, NULL, NULL, NULL),
(203, 30, 113, NULL, NULL, NULL, NULL),
(204, 30, 120, NULL, NULL, NULL, NULL),
(205, 30, 126, NULL, NULL, NULL, NULL),
(206, 30, 142, NULL, NULL, NULL, NULL),
(207, 30, 145, NULL, NULL, NULL, NULL),
(208, 30, 148, NULL, NULL, NULL, NULL),
(209, 30, 152, NULL, NULL, NULL, NULL),
(210, 30, 154, NULL, NULL, NULL, NULL),
(211, 30, 156, NULL, NULL, NULL, NULL),
(212, 30, 158, NULL, NULL, NULL, NULL),
(213, 30, 159, NULL, NULL, NULL, NULL),
(214, 30, 162, NULL, NULL, NULL, NULL),
(215, 30, 173, NULL, NULL, NULL, NULL),
(216, 31, 32, NULL, NULL, NULL, NULL),
(217, 31, 33, NULL, NULL, NULL, NULL),
(218, 31, 95, NULL, NULL, NULL, NULL),
(219, 31, 113, NULL, NULL, NULL, NULL),
(220, 31, 120, NULL, NULL, NULL, NULL),
(221, 31, 126, NULL, NULL, NULL, NULL),
(222, 31, 145, NULL, NULL, NULL, NULL),
(223, 31, 148, NULL, NULL, NULL, NULL),
(224, 31, 151, NULL, NULL, NULL, NULL),
(225, 31, 152, NULL, NULL, NULL, NULL),
(226, 31, 154, NULL, NULL, NULL, NULL),
(227, 31, 156, NULL, NULL, NULL, NULL),
(228, 31, 158, NULL, NULL, NULL, NULL),
(229, 31, 159, NULL, NULL, NULL, NULL),
(230, 31, 161, NULL, NULL, NULL, NULL),
(231, 31, 162, NULL, NULL, NULL, NULL),
(232, 31, 171, NULL, NULL, NULL, NULL),
(233, 31, 173, NULL, NULL, NULL, NULL),
(234, 32, 44, NULL, NULL, NULL, NULL),
(235, 32, 45, NULL, NULL, NULL, NULL),
(236, 32, 112, NULL, NULL, NULL, NULL),
(237, 32, 188, NULL, NULL, NULL, NULL),
(238, 33, 35, NULL, NULL, NULL, NULL),
(239, 33, 36, NULL, NULL, NULL, NULL),
(240, 33, 207, NULL, NULL, NULL, NULL),
(241, 33, 210, NULL, NULL, NULL, NULL),
(242, 33, 211, NULL, NULL, NULL, NULL),
(243, 33, 215, NULL, NULL, NULL, NULL),
(244, 33, 218, NULL, NULL, NULL, NULL),
(245, 33, 220, NULL, NULL, NULL, NULL),
(246, 33, 224, NULL, NULL, NULL, NULL),
(247, 34, 44, NULL, NULL, 181, NULL),
(248, 34, 45, NULL, NULL, NULL, NULL),
(249, 34, 112, NULL, NULL, NULL, NULL),
(250, 34, 136, NULL, NULL, NULL, NULL),
(251, 34, 144, NULL, NULL, NULL, NULL),
(252, 34, 174, NULL, NULL, NULL, NULL),
(253, 34, 184, NULL, NULL, NULL, NULL),
(254, 34, 188, NULL, NULL, NULL, NULL),
(255, 34, 190, NULL, NULL, NULL, NULL),
(256, 34, 269, NULL, NULL, NULL, NULL),
(257, 34, 270, NULL, NULL, NULL, NULL),
(258, 34, 271, NULL, NULL, NULL, NULL),
(259, 34, 272, NULL, NULL, NULL, NULL),
(260, 34, 273, NULL, NULL, NULL, NULL),
(261, 34, 274, NULL, NULL, NULL, NULL),
(262, 34, 275, NULL, NULL, NULL, NULL),
(263, 35, 68, NULL, NULL, 182, NULL),
(264, 35, 69, NULL, NULL, NULL, NULL),
(265, 35, 70, NULL, NULL, NULL, NULL),
(266, 36, 66, NULL, NULL, NULL, NULL),
(267, 36, 137, NULL, NULL, NULL, NULL),
(268, 36, 146, NULL, NULL, NULL, NULL),
(269, 36, 153, NULL, NULL, NULL, NULL),
(270, 36, 163, NULL, NULL, NULL, NULL),
(271, 36, 168, NULL, NULL, NULL, NULL),
(272, 36, 277, NULL, NULL, NULL, NULL),
(273, 36, 278, NULL, NULL, NULL, NULL),
(274, 37, 66, NULL, NULL, 183, NULL),
(275, 37, 137, NULL, NULL, 184, NULL),
(276, 37, 146, NULL, NULL, NULL, NULL),
(277, 37, 153, NULL, NULL, NULL, NULL),
(278, 37, 163, NULL, NULL, NULL, NULL),
(279, 37, 168, NULL, NULL, NULL, NULL),
(280, 37, 277, NULL, NULL, NULL, NULL),
(281, 38, 73, 143, NULL, 185, NULL),
(282, 38, 70, NULL, NULL, NULL, NULL),
(283, 38, 69, NULL, NULL, NULL, NULL),
(284, 38, 68, NULL, NULL, NULL, NULL),
(285, 39, 44, NULL, NULL, NULL, NULL),
(286, 39, 45, NULL, NULL, NULL, NULL),
(287, 39, 112, NULL, NULL, NULL, NULL),
(288, 39, 136, NULL, NULL, NULL, NULL),
(289, 39, 144, NULL, NULL, NULL, NULL),
(290, 39, 174, NULL, NULL, NULL, NULL),
(291, 39, 184, NULL, NULL, NULL, NULL),
(292, 39, 188, NULL, NULL, NULL, NULL),
(293, 39, 190, NULL, NULL, NULL, NULL),
(294, 39, 269, NULL, NULL, NULL, NULL),
(295, 39, 270, NULL, NULL, NULL, NULL),
(296, 39, 271, NULL, NULL, NULL, NULL),
(297, 39, 272, NULL, NULL, NULL, NULL),
(298, 39, 273, NULL, NULL, NULL, NULL),
(299, 39, 274, NULL, NULL, NULL, NULL),
(300, 39, 275, NULL, NULL, NULL, NULL),
(301, 39, 274, NULL, NULL, 186, NULL),
(302, 40, 44, NULL, NULL, NULL, NULL),
(303, 40, 45, NULL, NULL, NULL, NULL),
(304, 40, 112, NULL, NULL, NULL, NULL),
(305, 40, 136, NULL, NULL, NULL, NULL),
(306, 40, 144, NULL, NULL, NULL, NULL),
(307, 40, 174, NULL, NULL, NULL, NULL),
(308, 40, 184, NULL, NULL, NULL, NULL),
(309, 40, 188, NULL, NULL, NULL, NULL),
(310, 40, 190, NULL, NULL, NULL, NULL),
(311, 40, 269, NULL, NULL, NULL, NULL),
(312, 40, 270, NULL, NULL, NULL, NULL),
(313, 40, 271, NULL, NULL, NULL, NULL),
(314, 40, 272, NULL, NULL, NULL, NULL),
(315, 40, 273, NULL, NULL, NULL, NULL),
(316, 40, 274, NULL, NULL, NULL, NULL),
(317, 40, 275, NULL, NULL, NULL, NULL),
(318, 41, 68, NULL, NULL, 187, NULL),
(319, 41, 69, NULL, NULL, NULL, NULL),
(320, 41, 70, NULL, NULL, NULL, NULL),
(321, 41, 73, NULL, NULL, NULL, NULL),
(322, 42, 73, NULL, NULL, 188, NULL),
(323, 42, 68, NULL, NULL, 189, NULL),
(324, 42, 70, NULL, NULL, NULL, NULL),
(325, 43, 61, NULL, NULL, 190, NULL),
(326, 43, 91, NULL, NULL, 191, NULL),
(327, 43, 134, NULL, NULL, NULL, NULL),
(328, 43, 138, NULL, NULL, NULL, NULL),
(329, 43, 139, NULL, NULL, NULL, NULL),
(330, 44, 58, 89, NULL, 192, NULL),
(331, 44, 63, 93, NULL, NULL, NULL),
(332, 44, 65, NULL, NULL, NULL, NULL),
(333, 44, 66, NULL, NULL, NULL, NULL),
(334, 44, 69, NULL, NULL, NULL, NULL),
(335, 44, 70, NULL, NULL, NULL, NULL),
(336, 45, NULL, 182, NULL, 193, NULL),
(337, 45, NULL, 191, NULL, 194, NULL),
(338, 45, NULL, 198, NULL, 195, NULL),
(339, 45, NULL, 199, NULL, 196, NULL),
(340, 45, NULL, 224, NULL, 197, NULL),
(341, 45, NULL, 225, NULL, 198, NULL),
(342, 45, NULL, 226, NULL, 199, NULL),
(343, 45, NULL, 227, NULL, 200, NULL),
(344, 45, NULL, NULL, NULL, 201, NULL),
(345, 45, NULL, NULL, NULL, 202, NULL),
(346, 45, NULL, NULL, NULL, 203, NULL),
(347, 45, NULL, NULL, NULL, 204, NULL),
(348, 45, NULL, NULL, NULL, 205, NULL),
(349, 45, NULL, NULL, NULL, 206, NULL),
(350, 45, NULL, NULL, NULL, 207, NULL),
(351, 45, NULL, NULL, NULL, 208, NULL),
(352, 45, NULL, NULL, NULL, 209, NULL),
(353, 45, NULL, NULL, NULL, 210, NULL),
(354, 45, NULL, NULL, NULL, 211, NULL),
(355, 45, NULL, NULL, NULL, 212, NULL),
(356, 46, NULL, NULL, NULL, 213, NULL),
(357, 47, NULL, 154, NULL, 214, NULL),
(358, 47, NULL, 210, NULL, 215, NULL),
(359, 47, NULL, 230, NULL, 216, NULL),
(360, 47, NULL, NULL, NULL, 217, NULL),
(361, 5, NULL, 232, NULL, NULL, NULL),
(362, 5, NULL, 234, NULL, NULL, NULL),
(364, 5, NULL, 235, NULL, NULL, NULL),
(365, 5, NULL, NULL, NULL, 219, NULL),
(366, 49, 64, NULL, NULL, 220, NULL),
(367, 49, 65, NULL, NULL, 221, NULL),
(368, 49, NULL, NULL, NULL, 222, NULL),
(369, 49, NULL, NULL, NULL, 223, NULL),
(370, 49, NULL, NULL, NULL, 224, NULL),
(371, 49, NULL, NULL, NULL, 225, NULL),
(372, 50, 64, NULL, NULL, 226, NULL),
(373, 50, 65, NULL, NULL, 227, NULL),
(374, 51, 65, NULL, NULL, NULL, NULL),
(375, 52, 65, NULL, NULL, NULL, NULL),
(376, 53, 65, NULL, NULL, 228, NULL),
(377, 54, 65, NULL, NULL, 229, NULL),
(378, 55, 65, NULL, NULL, NULL, NULL),
(379, 56, 64, NULL, NULL, 230, NULL),
(380, 56, 65, NULL, NULL, 231, NULL),
(381, 57, 64, NULL, NULL, NULL, NULL),
(382, 58, 64, NULL, NULL, 232, NULL),
(383, 58, 65, NULL, NULL, NULL, NULL),
(384, 59, 68, 250, NULL, NULL, NULL),
(385, 59, 74, NULL, NULL, NULL, NULL),
(386, 59, 75, NULL, NULL, NULL, NULL),
(387, 59, 76, NULL, NULL, NULL, NULL),
(388, 59, 90, NULL, NULL, NULL, NULL),
(389, 59, NULL, 239, NULL, NULL, NULL),
(390, 59, NULL, 238, NULL, 233, NULL),
(391, 60, 32, NULL, NULL, NULL, NULL),
(392, 60, 33, NULL, NULL, NULL, NULL),
(393, 60, 95, NULL, NULL, NULL, NULL),
(394, 60, 113, NULL, NULL, NULL, NULL),
(395, 60, 120, NULL, NULL, NULL, NULL),
(396, 60, 126, NULL, NULL, NULL, NULL),
(397, 60, 142, NULL, NULL, NULL, NULL),
(398, 60, 145, NULL, NULL, NULL, NULL),
(399, 60, 148, NULL, NULL, NULL, NULL),
(400, 60, 149, NULL, NULL, NULL, NULL),
(401, 60, 151, NULL, NULL, NULL, NULL),
(402, 60, 152, NULL, NULL, NULL, NULL),
(403, 60, 154, NULL, NULL, NULL, NULL),
(404, 60, 158, NULL, NULL, NULL, NULL),
(405, 60, 159, NULL, NULL, NULL, NULL),
(406, 60, 161, NULL, NULL, NULL, NULL),
(407, 60, 162, NULL, NULL, NULL, NULL),
(408, 60, 171, NULL, NULL, NULL, NULL),
(409, 60, 173, NULL, NULL, NULL, NULL),
(410, 60, 291, NULL, NULL, NULL, NULL),
(411, 61, 32, NULL, NULL, NULL, NULL),
(412, 61, 33, NULL, NULL, NULL, NULL),
(413, 61, 95, NULL, NULL, NULL, NULL),
(414, 61, 113, NULL, NULL, NULL, NULL),
(415, 61, 120, NULL, NULL, NULL, NULL),
(416, 61, 126, NULL, NULL, NULL, NULL),
(417, 61, 142, NULL, NULL, NULL, NULL),
(418, 61, 145, NULL, NULL, NULL, NULL),
(419, 61, 148, NULL, NULL, NULL, NULL),
(420, 61, 149, NULL, NULL, NULL, NULL),
(421, 61, 151, NULL, NULL, NULL, NULL),
(422, 61, 152, NULL, NULL, NULL, NULL),
(423, 61, 154, NULL, NULL, NULL, NULL),
(424, 61, 158, NULL, NULL, NULL, NULL),
(425, 61, 159, NULL, NULL, NULL, NULL),
(426, 61, 161, NULL, NULL, NULL, NULL),
(427, 61, 162, NULL, NULL, NULL, NULL),
(428, 61, 171, NULL, NULL, NULL, NULL),
(429, 61, 173, NULL, NULL, NULL, NULL),
(430, 61, 291, NULL, NULL, NULL, NULL),
(431, 62, NULL, 154, NULL, NULL, NULL),
(432, 62, NULL, 155, NULL, NULL, NULL),
(433, 62, NULL, 156, NULL, NULL, NULL),
(434, 62, NULL, 158, NULL, NULL, NULL),
(435, 62, NULL, 160, NULL, NULL, NULL),
(436, 62, NULL, 161, NULL, NULL, NULL),
(437, 62, NULL, 162, NULL, NULL, NULL),
(438, 62, NULL, 163, NULL, NULL, NULL),
(439, 62, NULL, 209, NULL, NULL, NULL),
(440, 62, NULL, 210, NULL, NULL, NULL),
(441, 62, NULL, 250, NULL, NULL, NULL),
(442, 62, NULL, 252, NULL, NULL, NULL),
(443, 63, 32, NULL, NULL, 234, NULL),
(444, 63, 33, NULL, NULL, 235, NULL),
(445, 63, 145, NULL, NULL, 236, NULL),
(446, 63, 148, NULL, NULL, 237, NULL),
(447, 63, 149, NULL, NULL, 238, NULL),
(448, 63, 173, NULL, NULL, 239, NULL),
(449, 64, 30, NULL, NULL, 240, NULL),
(450, 64, 31, NULL, NULL, 241, NULL),
(451, 64, 100, NULL, NULL, 242, NULL),
(452, 64, 111, NULL, NULL, 243, NULL),
(453, 64, 124, NULL, NULL, 244, NULL),
(454, 64, 129, NULL, NULL, 245, NULL),
(455, 64, NULL, NULL, NULL, 246, NULL),
(456, 65, 30, NULL, NULL, 247, NULL),
(457, 65, 31, NULL, NULL, 248, NULL),
(458, 65, 100, NULL, NULL, 249, NULL),
(459, 65, 124, NULL, NULL, 250, NULL),
(460, 65, 129, NULL, NULL, 251, NULL),
(461, 65, NULL, NULL, NULL, 252, NULL),
(462, 65, NULL, NULL, NULL, 253, NULL),
(463, 65, NULL, NULL, NULL, 254, NULL),
(464, 65, NULL, NULL, NULL, 255, NULL),
(465, 65, NULL, NULL, NULL, 256, NULL),
(466, 66, 30, NULL, NULL, 257, NULL),
(467, 66, 31, NULL, NULL, 258, NULL),
(468, 66, 100, NULL, NULL, 259, NULL),
(469, 66, 124, NULL, NULL, 260, NULL),
(470, 66, 129, NULL, NULL, 261, NULL),
(471, 66, NULL, NULL, NULL, 262, NULL),
(472, 66, NULL, NULL, NULL, 263, NULL),
(473, 67, 30, NULL, NULL, 264, NULL),
(474, 67, 31, NULL, NULL, 265, NULL),
(475, 67, 100, NULL, NULL, NULL, NULL),
(476, 67, 124, NULL, NULL, NULL, NULL),
(477, 67, 129, NULL, NULL, NULL, NULL),
(478, 68, 44, NULL, NULL, NULL, NULL),
(479, 68, 45, NULL, NULL, NULL, NULL),
(480, 68, 112, NULL, NULL, NULL, NULL),
(481, 68, 136, NULL, NULL, NULL, NULL),
(482, 68, 144, NULL, NULL, NULL, NULL),
(483, 68, 174, NULL, NULL, NULL, NULL),
(484, 68, 188, NULL, NULL, NULL, NULL),
(485, 68, 190, NULL, NULL, NULL, NULL),
(486, 68, 269, NULL, NULL, NULL, NULL),
(487, 68, 270, NULL, NULL, NULL, NULL),
(488, 68, 271, NULL, NULL, NULL, NULL),
(489, 68, 272, NULL, NULL, NULL, NULL),
(490, 68, 273, NULL, NULL, NULL, NULL),
(491, 68, 274, NULL, NULL, NULL, NULL),
(492, 69, 44, NULL, NULL, NULL, NULL),
(493, 69, 45, NULL, NULL, NULL, NULL),
(494, 69, 112, NULL, NULL, NULL, NULL),
(495, 69, 136, NULL, NULL, NULL, NULL),
(496, 69, 144, NULL, NULL, NULL, NULL),
(497, 69, 174, NULL, NULL, NULL, NULL),
(498, 69, 184, NULL, NULL, NULL, NULL),
(499, 69, 188, NULL, NULL, NULL, NULL),
(500, 69, 270, NULL, NULL, NULL, NULL),
(501, 69, 271, NULL, NULL, NULL, NULL),
(502, 69, 273, NULL, NULL, NULL, NULL),
(503, 70, 70, 92, NULL, 266, NULL),
(504, 70, 123, 111, NULL, 267, NULL),
(505, 70, 129, 134, NULL, NULL, NULL),
(506, 70, 137, 146, NULL, NULL, NULL),
(507, 70, NULL, 160, NULL, NULL, NULL),
(508, 70, NULL, 169, NULL, NULL, NULL),
(509, 70, NULL, 172, NULL, NULL, NULL),
(510, 71, 70, 92, NULL, NULL, NULL),
(511, 71, 120, 111, NULL, NULL, NULL),
(512, 71, 123, 134, NULL, NULL, NULL),
(513, 71, 128, 160, NULL, NULL, NULL),
(514, 71, 137, NULL, NULL, NULL, NULL),
(515, 72, 70, 92, NULL, 268, NULL),
(516, 72, 129, 134, NULL, 269, NULL),
(517, 72, 137, 146, NULL, NULL, NULL),
(518, 72, NULL, 160, NULL, NULL, NULL),
(519, 72, NULL, 169, NULL, NULL, NULL),
(520, 72, NULL, 172, NULL, NULL, NULL),
(521, 72, NULL, 187, NULL, NULL, NULL),
(522, 73, 51, 115, NULL, NULL, NULL),
(523, 73, 62, 169, NULL, NULL, NULL),
(524, 73, 68, 192, NULL, NULL, NULL),
(525, 73, 70, NULL, NULL, NULL, NULL),
(526, 73, 76, NULL, NULL, NULL, NULL),
(527, 73, 91, NULL, NULL, NULL, NULL),
(528, 73, 128, NULL, NULL, NULL, NULL),
(529, 73, 129, NULL, NULL, NULL, NULL),
(530, 74, 60, 169, NULL, NULL, NULL),
(531, 74, 70, NULL, NULL, NULL, NULL),
(532, 74, 76, NULL, NULL, NULL, NULL),
(533, 74, 91, NULL, NULL, NULL, NULL),
(534, 74, 120, NULL, NULL, NULL, NULL),
(535, 74, 128, NULL, NULL, NULL, NULL),
(536, 74, 129, NULL, NULL, NULL, NULL),
(537, 75, 60, 169, NULL, 270, NULL),
(538, 75, 70, NULL, NULL, 271, NULL),
(539, 75, 76, NULL, NULL, 272, NULL),
(540, 75, 91, NULL, NULL, NULL, NULL),
(541, 75, 120, NULL, NULL, NULL, NULL),
(542, 75, 128, NULL, NULL, NULL, NULL),
(543, 75, 129, NULL, NULL, NULL, NULL),
(544, 76, 128, NULL, NULL, 273, NULL),
(545, 76, 155, NULL, NULL, 274, NULL),
(546, 76, 175, NULL, NULL, NULL, NULL),
(547, 76, 181, NULL, NULL, NULL, NULL),
(548, 77, 35, NULL, NULL, 275, NULL),
(549, 77, 36, NULL, NULL, 276, NULL),
(550, 77, 133, NULL, NULL, NULL, NULL),
(551, 77, 199, NULL, NULL, NULL, NULL),
(552, 77, 200, NULL, NULL, NULL, NULL),
(553, 77, 205, NULL, NULL, NULL, NULL),
(554, 77, 208, NULL, NULL, NULL, NULL),
(555, 77, 210, NULL, NULL, NULL, NULL),
(556, 77, 212, NULL, NULL, NULL, NULL),
(557, 77, 213, NULL, NULL, NULL, NULL),
(558, 77, 215, NULL, NULL, NULL, NULL),
(559, 77, 217, NULL, NULL, NULL, NULL),
(560, 77, 218, NULL, NULL, NULL, NULL),
(561, 77, 219, NULL, NULL, NULL, NULL),
(562, 77, 220, NULL, NULL, NULL, NULL),
(563, 77, 221, NULL, NULL, NULL, NULL),
(564, 77, 222, NULL, NULL, NULL, NULL),
(565, 77, 223, NULL, NULL, NULL, NULL),
(566, 77, 224, NULL, NULL, NULL, NULL),
(567, 77, 225, NULL, NULL, NULL, NULL),
(568, 78, 44, NULL, NULL, 277, NULL),
(569, 78, 45, NULL, NULL, NULL, NULL),
(570, 78, 271, NULL, NULL, NULL, NULL),
(571, 78, 275, NULL, NULL, NULL, NULL),
(572, 79, 64, NULL, NULL, 278, NULL),
(573, 79, 65, NULL, NULL, NULL, NULL),
(574, 80, 295, NULL, NULL, 279, NULL),
(575, 80, 296, NULL, NULL, NULL, NULL),
(576, 80, 297, NULL, NULL, NULL, NULL),
(577, 80, 298, NULL, NULL, NULL, NULL),
(578, 80, 299, NULL, NULL, NULL, NULL),
(579, 80, 300, NULL, NULL, NULL, NULL),
(580, 80, 301, NULL, NULL, NULL, NULL),
(581, 80, 302, NULL, NULL, NULL, NULL),
(582, 80, 303, NULL, NULL, NULL, NULL),
(583, 80, 306, NULL, NULL, NULL, NULL),
(584, 80, 308, NULL, NULL, NULL, NULL),
(585, 80, 309, NULL, NULL, NULL, NULL),
(586, 80, 310, NULL, NULL, NULL, NULL),
(587, 80, 312, NULL, NULL, NULL, NULL),
(588, 80, 313, NULL, NULL, NULL, NULL),
(589, 80, 314, NULL, NULL, NULL, NULL),
(590, 80, 315, NULL, NULL, NULL, NULL),
(591, 80, 316, NULL, NULL, NULL, NULL),
(592, 81, 50, NULL, NULL, 280, NULL),
(593, 81, 51, NULL, NULL, 281, NULL),
(594, 81, 94, NULL, NULL, 282, NULL),
(595, 81, 107, NULL, NULL, 283, NULL),
(596, 81, 128, NULL, NULL, 284, NULL),
(597, 81, 141, NULL, NULL, 285, NULL),
(598, 81, 143, NULL, NULL, NULL, NULL),
(599, 81, 147, NULL, NULL, NULL, NULL),
(600, 81, 150, NULL, NULL, NULL, NULL),
(601, 81, 155, NULL, NULL, NULL, NULL),
(602, 81, 175, NULL, NULL, NULL, NULL),
(603, 81, 181, NULL, NULL, NULL, NULL),
(604, 82, 42, NULL, NULL, NULL, NULL),
(605, 82, 43, NULL, NULL, NULL, NULL),
(606, 82, 102, NULL, NULL, NULL, NULL),
(607, 82, 114, NULL, NULL, NULL, NULL),
(608, 82, 130, NULL, NULL, NULL, NULL),
(609, 82, 167, NULL, NULL, NULL, NULL),
(610, 82, 169, NULL, NULL, NULL, NULL),
(611, 82, 183, NULL, NULL, NULL, NULL),
(612, 82, 194, NULL, NULL, NULL, NULL),
(613, 82, 280, NULL, NULL, NULL, NULL),
(614, 82, 281, NULL, NULL, NULL, NULL),
(615, 82, 283, NULL, NULL, NULL, NULL),
(616, 82, 284, NULL, NULL, NULL, NULL),
(617, 82, 285, NULL, NULL, NULL, NULL),
(618, 82, 286, NULL, NULL, NULL, NULL),
(619, 82, 287, NULL, NULL, NULL, NULL),
(620, 82, 288, NULL, NULL, NULL, NULL),
(621, 82, 289, NULL, NULL, NULL, NULL),
(622, 82, 317, NULL, NULL, NULL, NULL),
(623, 78, NULL, NULL, NULL, 286, NULL),
(624, 78, NULL, NULL, NULL, 287, NULL),
(625, 78, NULL, NULL, NULL, 288, NULL),
(626, 78, NULL, NULL, NULL, 289, NULL),
(627, 83, 48, NULL, NULL, 290, NULL),
(628, 83, 49, NULL, NULL, 291, NULL),
(629, 83, 118, NULL, NULL, 292, NULL),
(630, 83, 165, NULL, NULL, 293, NULL),
(631, 83, 236, NULL, NULL, 294, NULL),
(632, 83, 237, NULL, NULL, 295, NULL),
(633, 83, 239, NULL, NULL, 296, NULL),
(634, 83, 244, NULL, NULL, 297, NULL),
(635, 83, 246, NULL, NULL, 298, NULL),
(636, 83, 247, NULL, NULL, 299, NULL),
(637, 83, 249, NULL, NULL, 300, NULL),
(638, 83, 251, NULL, NULL, 301, NULL),
(639, 83, 258, NULL, NULL, NULL, NULL),
(640, 83, 260, NULL, NULL, NULL, NULL),
(641, 83, 262, NULL, NULL, NULL, NULL),
(642, 83, 263, NULL, NULL, NULL, NULL),
(643, 83, 264, NULL, NULL, NULL, NULL),
(644, 83, 265, NULL, NULL, NULL, NULL),
(645, 83, 267, NULL, NULL, NULL, NULL),
(646, 83, 268, NULL, NULL, NULL, NULL),
(647, 83, 292, NULL, NULL, NULL, NULL),
(648, 84, NULL, 154, NULL, NULL, NULL),
(649, 84, NULL, 155, NULL, NULL, NULL),
(650, 84, NULL, 156, NULL, NULL, NULL),
(651, 84, NULL, 158, NULL, NULL, NULL),
(652, 84, NULL, 159, NULL, NULL, NULL),
(653, 84, NULL, 160, NULL, NULL, NULL),
(654, 84, NULL, 164, NULL, NULL, NULL),
(655, 84, NULL, 210, NULL, NULL, NULL),
(656, 84, NULL, 250, NULL, NULL, NULL),
(657, 84, NULL, 252, NULL, NULL, NULL),
(658, 85, 46, NULL, NULL, 302, NULL),
(659, 85, 170, NULL, NULL, 303, NULL),
(660, 85, 172, NULL, NULL, 304, NULL),
(661, 85, 176, NULL, NULL, 305, NULL),
(662, 85, 182, NULL, NULL, NULL, NULL),
(663, 85, 226, NULL, NULL, NULL, NULL),
(664, 85, 227, NULL, NULL, NULL, NULL),
(665, 85, 230, NULL, NULL, NULL, NULL),
(666, 85, 232, NULL, NULL, NULL, NULL),
(667, 85, 233, NULL, NULL, NULL, NULL),
(668, 85, 234, NULL, NULL, NULL, NULL),
(669, 85, 235, NULL, NULL, NULL, NULL),
(670, 86, 44, NULL, NULL, NULL, NULL),
(671, 86, 45, NULL, NULL, NULL, NULL),
(672, 86, 112, NULL, NULL, NULL, NULL),
(673, 86, 136, NULL, NULL, NULL, NULL),
(674, 86, 174, NULL, NULL, NULL, NULL),
(675, 86, 184, NULL, NULL, NULL, NULL),
(676, 86, 190, NULL, NULL, NULL, NULL),
(677, 86, 269, NULL, NULL, NULL, NULL),
(678, 86, 271, NULL, NULL, NULL, NULL),
(679, 86, 273, NULL, NULL, NULL, NULL),
(680, 86, 274, NULL, NULL, NULL, NULL),
(681, 87, 136, NULL, NULL, NULL, NULL),
(682, 87, 68, NULL, NULL, NULL, NULL),
(683, 87, 70, NULL, NULL, NULL, NULL),
(684, 87, 69, NULL, NULL, NULL, NULL),
(685, 87, 75, NULL, NULL, NULL, NULL),
(686, 87, 84, NULL, NULL, NULL, NULL),
(687, 87, 73, NULL, NULL, NULL, NULL),
(688, 88, 62, NULL, NULL, NULL, NULL),
(689, 88, 63, NULL, NULL, NULL, NULL),
(690, 88, 177, NULL, NULL, NULL, NULL),
(691, 88, 193, NULL, NULL, NULL, NULL),
(692, 88, 196, NULL, NULL, NULL, NULL),
(693, 88, 197, NULL, NULL, NULL, NULL),
(694, 88, 198, NULL, NULL, NULL, NULL),
(695, 89, 62, NULL, NULL, 306, NULL),
(696, 89, 63, NULL, NULL, NULL, NULL),
(697, 89, 101, NULL, NULL, NULL, NULL),
(698, 89, 177, NULL, NULL, NULL, NULL),
(699, 89, 193, NULL, NULL, NULL, NULL),
(700, 89, 196, NULL, NULL, NULL, NULL),
(701, 89, 197, NULL, NULL, NULL, NULL),
(702, 89, 198, NULL, NULL, NULL, NULL),
(703, 90, 62, NULL, NULL, 307, NULL),
(704, 90, 63, NULL, NULL, 308, NULL),
(705, 90, 101, NULL, NULL, NULL, NULL),
(706, 90, 177, NULL, NULL, NULL, NULL),
(707, 90, 186, NULL, NULL, NULL, NULL),
(708, 90, 193, NULL, NULL, NULL, NULL),
(709, 90, 196, NULL, NULL, NULL, NULL),
(710, 90, 197, NULL, NULL, NULL, NULL),
(711, 90, 198, NULL, NULL, NULL, NULL),
(712, 91, 42, NULL, NULL, NULL, NULL),
(713, 91, 43, NULL, NULL, NULL, NULL),
(714, 91, 169, NULL, NULL, NULL, NULL),
(715, 91, 178, NULL, NULL, NULL, NULL),
(716, 91, 194, NULL, NULL, NULL, NULL),
(717, 91, 280, NULL, NULL, NULL, NULL),
(718, 91, 284, NULL, NULL, NULL, NULL),
(719, 91, 285, NULL, NULL, NULL, NULL),
(720, 91, 286, NULL, NULL, NULL, NULL),
(721, 91, NULL, NULL, NULL, NULL, NULL),
(722, 92, 58, NULL, NULL, NULL, NULL),
(723, 92, 59, NULL, NULL, NULL, NULL),
(724, 92, 106, NULL, NULL, NULL, NULL),
(725, 92, 108, NULL, NULL, NULL, NULL),
(726, 92, 116, NULL, NULL, NULL, NULL),
(727, 92, 123, NULL, NULL, NULL, NULL),
(728, 92, 131, NULL, NULL, NULL, NULL),
(729, 93, 34, NULL, NULL, NULL, NULL),
(730, 93, 35, NULL, NULL, NULL, NULL),
(731, 93, 133, NULL, NULL, NULL, NULL),
(732, 93, 207, NULL, NULL, NULL, NULL),
(733, 93, 218, NULL, NULL, NULL, NULL),
(734, 93, 220, NULL, NULL, NULL, NULL),
(735, 93, 224, NULL, NULL, NULL, NULL),
(736, 94, 34, NULL, NULL, NULL, NULL),
(737, 94, 35, NULL, NULL, NULL, NULL),
(738, 94, 36, NULL, NULL, NULL, NULL),
(739, 94, 133, NULL, NULL, NULL, NULL),
(740, 94, 199, NULL, NULL, NULL, NULL),
(741, 94, 200, NULL, NULL, NULL, NULL),
(742, 94, 205, NULL, NULL, NULL, NULL),
(743, 94, 207, NULL, NULL, NULL, NULL),
(744, 94, 208, NULL, NULL, NULL, NULL),
(745, 94, 212, NULL, NULL, NULL, NULL),
(746, 94, 214, NULL, NULL, NULL, NULL),
(747, 94, 215, NULL, NULL, NULL, NULL),
(748, 94, 217, NULL, NULL, NULL, NULL),
(749, 94, 218, NULL, NULL, NULL, NULL),
(750, 94, 219, NULL, NULL, NULL, NULL),
(751, 94, 220, NULL, NULL, NULL, NULL),
(752, 94, 221, NULL, NULL, NULL, NULL),
(753, 94, 222, NULL, NULL, NULL, NULL),
(754, 94, 223, NULL, NULL, NULL, NULL),
(755, 94, 225, NULL, NULL, NULL, NULL),
(756, 95, 41, NULL, NULL, 309, NULL),
(757, 95, 99, NULL, NULL, 310, NULL),
(758, 95, 294, NULL, NULL, 311, NULL),
(759, 95, 296, NULL, NULL, NULL, NULL),
(760, 95, 297, NULL, NULL, NULL, NULL),
(761, 95, 299, NULL, NULL, NULL, NULL),
(762, 95, 300, NULL, NULL, NULL, NULL),
(763, 95, 301, NULL, NULL, NULL, NULL),
(764, 95, 302, NULL, NULL, NULL, NULL),
(765, 95, 303, NULL, NULL, NULL, NULL),
(766, 95, 304, NULL, NULL, NULL, NULL),
(767, 95, 305, NULL, NULL, NULL, NULL),
(768, 95, 306, NULL, NULL, NULL, NULL),
(769, 95, 308, NULL, NULL, NULL, NULL),
(770, 95, 310, NULL, NULL, NULL, NULL),
(771, 95, 312, NULL, NULL, NULL, NULL),
(772, 95, 313, NULL, NULL, NULL, NULL),
(773, 95, 314, NULL, NULL, NULL, NULL),
(774, 95, 315, NULL, NULL, NULL, NULL),
(775, 91, 290, NULL, NULL, NULL, NULL),
(776, 91, 289, NULL, NULL, NULL, NULL),
(777, 91, 102, NULL, NULL, NULL, NULL),
(778, 91, 283, NULL, NULL, NULL, NULL),
(779, 91, 318, NULL, NULL, NULL, NULL),
(780, 96, 30, NULL, NULL, 312, NULL),
(781, 96, 31, NULL, NULL, 313, NULL),
(782, 96, 100, NULL, NULL, 314, NULL),
(783, 96, 111, NULL, NULL, 315, NULL),
(784, 96, 124, NULL, NULL, 316, NULL),
(785, 96, 129, NULL, NULL, 317, NULL),
(786, 96, NULL, NULL, NULL, 318, NULL),
(787, 96, NULL, NULL, NULL, 319, NULL),
(788, 96, NULL, NULL, NULL, 320, NULL),
(789, 96, NULL, NULL, NULL, 321, NULL),
(790, 96, NULL, NULL, NULL, 322, NULL),
(791, 96, NULL, NULL, NULL, 323, NULL),
(792, 97, NULL, 143, NULL, NULL, NULL),
(793, 97, NULL, 145, NULL, NULL, NULL),
(794, 97, NULL, 148, NULL, NULL, NULL),
(795, 97, NULL, 149, NULL, NULL, NULL),
(796, 97, NULL, 150, NULL, NULL, NULL),
(797, 97, NULL, 153, NULL, NULL, NULL),
(798, 97, NULL, 244, NULL, NULL, NULL),
(799, 97, NULL, 273, NULL, NULL, NULL),
(800, 97, NULL, 275, NULL, NULL, NULL),
(801, 97, NULL, 277, NULL, NULL, NULL),
(802, 97, NULL, 278, NULL, NULL, NULL),
(803, 97, NULL, 279, NULL, NULL, NULL),
(804, 97, NULL, 281, NULL, NULL, NULL),
(805, 98, NULL, 188, NULL, 324, NULL),
(806, 98, NULL, 190, NULL, 325, NULL),
(807, 98, NULL, 193, NULL, 326, NULL),
(808, 98, NULL, 194, NULL, 327, NULL),
(809, 98, NULL, 196, NULL, 328, NULL),
(810, 98, NULL, 200, NULL, NULL, NULL),
(811, 98, NULL, 224, NULL, NULL, NULL),
(812, 98, NULL, 225, NULL, NULL, NULL),
(813, 98, NULL, 227, NULL, NULL, NULL),
(814, 98, NULL, 228, NULL, NULL, NULL),
(815, 98, NULL, 229, NULL, NULL, NULL),
(816, 98, NULL, 260, NULL, NULL, NULL),
(817, 98, NULL, 262, NULL, NULL, NULL),
(818, 98, NULL, 263, NULL, NULL, NULL),
(819, 98, NULL, 265, NULL, NULL, NULL),
(820, 98, NULL, 267, NULL, NULL, NULL),
(821, 98, NULL, 268, NULL, NULL, NULL),
(822, 98, NULL, 270, NULL, NULL, NULL),
(823, 98, NULL, 271, NULL, NULL, NULL),
(824, 98, NULL, 283, NULL, NULL, NULL),
(825, 99, 99, NULL, NULL, NULL, NULL),
(826, 99, 294, NULL, NULL, NULL, NULL),
(827, 99, 308, NULL, NULL, NULL, NULL),
(828, 99, 312, NULL, NULL, NULL, NULL),
(829, 100, NULL, 188, NULL, 329, NULL),
(830, 100, NULL, 190, NULL, NULL, NULL),
(831, 100, NULL, 193, NULL, NULL, NULL),
(832, 100, NULL, 196, NULL, NULL, NULL),
(833, 100, NULL, 200, NULL, NULL, NULL),
(834, 100, NULL, 225, NULL, NULL, NULL),
(835, 100, NULL, 226, NULL, NULL, NULL),
(836, 100, NULL, 227, NULL, NULL, NULL),
(837, 100, NULL, 228, NULL, NULL, NULL),
(838, 100, NULL, 229, NULL, NULL, NULL),
(839, 100, NULL, 262, NULL, NULL, NULL),
(840, 100, NULL, 263, NULL, NULL, NULL),
(841, 100, NULL, 265, NULL, NULL, NULL),
(842, 100, NULL, 267, NULL, NULL, NULL),
(843, 100, NULL, 271, NULL, NULL, NULL),
(844, 100, NULL, 283, NULL, NULL, NULL),
(845, 101, 41, NULL, NULL, NULL, NULL),
(846, 101, 296, NULL, NULL, NULL, NULL),
(847, 101, 298, NULL, NULL, NULL, NULL),
(848, 101, 299, NULL, NULL, NULL, NULL),
(849, 101, 301, NULL, NULL, NULL, NULL),
(850, 101, 306, NULL, NULL, NULL, NULL),
(851, 101, 311, NULL, NULL, NULL, NULL),
(852, 101, 314, NULL, NULL, NULL, NULL),
(853, 101, 315, NULL, NULL, NULL, NULL),
(854, 101, 316, NULL, NULL, NULL, NULL),
(855, 102, 66, NULL, NULL, 330, NULL),
(856, 102, 137, NULL, NULL, NULL, NULL),
(857, 102, 146, NULL, NULL, NULL, NULL),
(858, 102, 153, NULL, NULL, NULL, NULL),
(859, 102, 163, NULL, NULL, NULL, NULL),
(860, 102, 168, NULL, NULL, NULL, NULL),
(861, 102, 277, NULL, NULL, NULL, NULL),
(862, 102, 278, NULL, NULL, NULL, NULL),
(863, 103, 75, NULL, NULL, NULL, NULL),
(864, 104, 55, NULL, NULL, 331, NULL),
(865, 104, 96, NULL, NULL, NULL, NULL),
(866, 104, 117, NULL, NULL, NULL, NULL),
(867, 104, 125, NULL, NULL, NULL, NULL),
(868, 104, 132, NULL, NULL, NULL, NULL),
(869, 104, NULL, NULL, NULL, 332, NULL),
(870, 104, NULL, NULL, NULL, 333, NULL),
(871, 104, NULL, NULL, NULL, 334, NULL),
(872, 104, NULL, NULL, NULL, 335, NULL),
(873, 105, 319, NULL, NULL, NULL, NULL),
(874, 105, 320, NULL, NULL, NULL, NULL);

-- --------------------------------------------------------

--
-- Table structure for table `staf`
--

CREATE TABLE `staf` (
  `id_staf` int(50) NOT NULL COMMENT 'Primary Key',
  `nama_staf` varchar(128) CHARACTER SET latin1 COLLATE latin1_swedish_ci NOT NULL COMMENT 'Nama Staf'
) ENGINE=InnoDB DEFAULT CHARSET=utf8mb4 COLLATE=utf8mb4_general_ci;

--
-- Dumping data for table `staf`
--

INSERT INTO `staf` (`id_staf`, `nama_staf`) VALUES
(204, 'Velandani Prakoso, M.IP. '),
(205, 'Devi Wulandari, S.E. '),
(206, 'Sadiyono, S.E. '),
(207, 'Evie Dwi Oktaviani, S.E. '),
(208, 'Arif Wibowo, S.Kom. '),
(209, 'Isa Anshari, S.E. '),
(210, 'M. Faiz Sulthany, S.E. '),
(211, 'Aprillia Sazila Sari, S.I.Kom. '),
(212, 'Wawan Santoso, S.Sos.'),
(213, 'Wiryo Sumantri '),
(214, 'Bagiyo Edi Sugito '),
(215, 'Widodo '),
(216, 'Lukman Hakim, S.Kom.I., M.A. '),
(217, 'Muhammad Saleh, SH. MH. '),
(218, 'Miftah Nurkhasanah '),
(219, 'Nanang Susilo '),
(220, 'Arfan'),
(221, 'Rohman'),
(222, 'Anang'),
(223, 'Sariman'),
(224, 'Sarmijan');

--
-- Indexes for dumped tables
--

--
-- Indexes for table `anggota`
--
ALTER TABLE `anggota`
  ADD PRIMARY KEY (`id_anggota`);

--
-- Indexes for table `asistensi`
--
ALTER TABLE `asistensi`
  ADD PRIMARY KEY (`id_asistensi`);

--
-- Indexes for table `buku_tamu`
--
ALTER TABLE `buku_tamu`
  ADD PRIMARY KEY (`id_buku_tamu`);

--
-- Indexes for table `divisi`
--
ALTER TABLE `divisi`
  ADD PRIMARY KEY (`id_divisi`);

--
-- Indexes for table `import`
--
ALTER TABLE `import`
  ADD PRIMARY KEY (`id`);

--
-- Indexes for table `lainya`
--
ALTER TABLE `lainya`
  ADD PRIMARY KEY (`id_lainya`);

--
-- Indexes for table `login`
--
ALTER TABLE `login`
  ADD PRIMARY KEY (`id_user`);

--
-- Indexes for table `menu`
--
ALTER TABLE `menu`
  ADD PRIMARY KEY (`id_menu`),
  ADD KEY `id_menu` (`id_menu`);

--
-- Indexes for table `notulen`
--
ALTER TABLE `notulen`
  ADD PRIMARY KEY (`id_notulen`);

--
-- Indexes for table `notulen_detail`
--
ALTER TABLE `notulen_detail`
  ADD PRIMARY KEY (`id_not_detail`);

--
-- Indexes for table `peserta`
--
ALTER TABLE `peserta`
  ADD PRIMARY KEY (`id_peserta`);

--
-- Indexes for table `staf`
--
ALTER TABLE `staf`
  ADD PRIMARY KEY (`id_staf`);

--
-- AUTO_INCREMENT for dumped tables
--

--
-- AUTO_INCREMENT for table `anggota`
--
ALTER TABLE `anggota`
  MODIFY `id_anggota` int(11) NOT NULL AUTO_INCREMENT, AUTO_INCREMENT=321;

--
-- AUTO_INCREMENT for table `asistensi`
--
ALTER TABLE `asistensi`
  MODIFY `id_asistensi` int(11) NOT NULL AUTO_INCREMENT, AUTO_INCREMENT=284;

--
-- AUTO_INCREMENT for table `buku_tamu`
--
ALTER TABLE `buku_tamu`
  MODIFY `id_buku_tamu` int(20) NOT NULL AUTO_INCREMENT, AUTO_INCREMENT=18;

--
-- AUTO_INCREMENT for table `divisi`
--
ALTER TABLE `divisi`
  MODIFY `id_divisi` int(16) NOT NULL AUTO_INCREMENT, AUTO_INCREMENT=3;

--
-- AUTO_INCREMENT for table `import`
--
ALTER TABLE `import`
  MODIFY `id` int(11) NOT NULL AUTO_INCREMENT COMMENT 'Primary Key', AUTO_INCREMENT=726;

--
-- AUTO_INCREMENT for table `lainya`
--
ALTER TABLE `lainya`
  MODIFY `id_lainya` int(20) NOT NULL AUTO_INCREMENT, AUTO_INCREMENT=336;

--
-- AUTO_INCREMENT for table `login`
--
ALTER TABLE `login`
  MODIFY `id_user` int(15) NOT NULL AUTO_INCREMENT, AUTO_INCREMENT=41;

--
-- AUTO_INCREMENT for table `menu`
--
ALTER TABLE `menu`
  MODIFY `id_menu` int(5) NOT NULL AUTO_INCREMENT, AUTO_INCREMENT=36;

--
-- AUTO_INCREMENT for table `notulen`
--
ALTER TABLE `notulen`
  MODIFY `id_notulen` int(15) NOT NULL AUTO_INCREMENT, AUTO_INCREMENT=41;

--
-- AUTO_INCREMENT for table `notulen_detail`
--
ALTER TABLE `notulen_detail`
  MODIFY `id_not_detail` int(15) NOT NULL AUTO_INCREMENT, AUTO_INCREMENT=106;

--
-- AUTO_INCREMENT for table `peserta`
--
ALTER TABLE `peserta`
  MODIFY `id_peserta` int(50) NOT NULL AUTO_INCREMENT, AUTO_INCREMENT=875;

--
-- AUTO_INCREMENT for table `staf`
--
ALTER TABLE `staf`
  MODIFY `id_staf` int(50) NOT NULL AUTO_INCREMENT COMMENT 'Primary Key', AUTO_INCREMENT=234;
COMMIT;

/*!40101 SET CHARACTER_SET_CLIENT=@OLD_CHARACTER_SET_CLIENT */;
/*!40101 SET CHARACTER_SET_RESULTS=@OLD_CHARACTER_SET_RESULTS */;
/*!40101 SET COLLATION_CONNECTION=@OLD_COLLATION_CONNECTION */;
